{
  "type": "FeatureCollection",
  "name": "Joukkoliikenne vyöhykerajat_2",
  "crs": {
    "type": "name",
    "properties": { "name": "urn:ogc:def:crs:OGC:1.3:CRS84" }
  },
  "features": [
    {
      "type": "Feature",
      "properties": {
        "icon": {
          "id": "lpr-icon-zone-a",
          "svg": "<svg xmlns='http://www.w3.org/2000/svg' viewBox='0 0 36 36'><path d='M36 18A18 18 0 1118 0a18 18 0 0118 18' fill='#d4007a' fill-rule='evenodd'/><path d='M21.08 22.5h-6.16L13.75 26H10l6.36-17h3.26L26 26h-3.73zm-5.21-2.85h4.26L18 13.26z' fill='#fff'/></svg>"
        }
      },
      "geometry": { "type": "Point", "coordinates": [28.1908, 61.0516] }
    },
    {
      "type": "Feature",
      "properties": {
        "icon": {
          "id": "lpr-icon-zone-b",
          "svg": "<svg xmlns='http://www.w3.org/2000/svg' viewBox='0 0 36 36'><path d='M36 18A18 18 0 1118 0a18 18 0 0118 18' fill='#d4007a' fill-rule='evenodd'/><path d='M12.87 26V9h6a7.87 7.87 0 014.71 1.19 4.08 4.08 0 011.61 3.49 3.88 3.88 0 01-.65 2.21 3.75 3.75 0 01-1.79 1.4 3.55 3.55 0 012.07 1.32 3.94 3.94 0 01.72 2.39A4.48 4.48 0 0124 24.72 7 7 0 0119.5 26zm3.51-9.91H19c1.78 0 2.66-.74 2.66-2.12a2 2 0 00-.66-1.66 3.55 3.55 0 00-2.13-.51h-2.49zm0 2.48v4.61h3a2.92 2.92 0 001.94-.59A2 2 0 0022 21a2.15 2.15 0 00-2.43-2.38z' fill='#fff'/></svg>"
        }
      },
      "geometry": {
        "type": "MultiPoint",
        "coordinates": [
          [28.2393, 60.9562],
          [28.6056, 61.1019],
          [28.0005, 60.821] 
        ]
      }
    },
    {
      "type": "Feature",
      "properties": {
        "icon": {
          "id": "lpr-icon-zone-c",
          "svg": "<svg xmlns='http://www.w3.org/2000/svg' viewBox='0 0 36 36'><path d='M36 18A18 18 0 1118 0a18 18 0 0118 18' fill='#d4007a' fill-rule='evenodd'/><path d='M25.07 20.33a6.05 6.05 0 01-2 4.34 7.15 7.15 0 01-4.83 1.58A6.42 6.42 0 0113 24a9 9 0 01-1.84-6v-1a10.33 10.33 0 01.84-4.4 6.56 6.56 0 012.5-2.88 6.94 6.94 0 013.75-1A6.92 6.92 0 0123 10.3a6.45 6.45 0 012.09 4.44h-3.52a3.54 3.54 0 00-.92-2.4 3.41 3.41 0 00-2.4-.74 3 3 0 00-2.63 1.26 6.94 6.94 0 00-.9 3.91v1.29a7.53 7.53 0 00.84 4 2.94 2.94 0 002.64 1.28 3.43 3.43 0 002.43-.75 3.33 3.33 0 00.92-2.3z' fill='#fff'/></svg>"
        }
      },
      "geometry": { "type": "Point", "coordinates": [28.8715, 61.1854] }
    },
    {
      "type": "Feature",
      "styles": [
        { "color": "#666", "weight": 2, "opacity": 1 },
        { "color": "#333", "weight": 12, "opacity": 0.2 }
      ],
      "properties": { "ID": "D" },
      "geometry": {
        "type": "MultiLineString",
        "coordinates": [
          [
            [28.9851, 61.2038],
            [29.0133, 61.1921],
            [29.0162, 61.1909],
            [29.0165, 61.1907],
            [29.022, 61.1885],
            [29.0196, 61.1875],
            [29.0143, 61.1854],
            [29.0001, 61.1796],
            [28.9982, 61.1789],
            [28.987, 61.1744],
            [28.9857, 61.1738],
            [28.9813, 61.1704],
            [28.9766, 61.1668],
            [28.9737, 61.1645],
            [28.9712, 61.1626],
            [28.9708, 61.1623],
            [28.9651, 61.1579],
            [28.9634, 61.1565],
            [28.9572, 61.1518],
            [28.9569, 61.1515],
            [28.9542, 61.1516],
            [28.9523, 61.1517],
            [28.9516, 61.1517],
            [28.9502, 61.151],
            [28.9442, 61.1481],
            [28.9271, 61.1459],
            [28.9262, 61.1458],
            [28.915, 61.1433],
            [28.9063, 61.1442],
            [28.9046, 61.1444],
            [28.9025, 61.1446],
            [28.8978, 61.144],
            [28.8922, 61.1434],
            [28.8921, 61.1433],
            [28.8835, 61.1423],
            [28.8824, 61.1416],
            [28.8728, 61.1355],
            [28.8613, 61.1326],
            [28.858, 61.1317],
            [28.8543, 61.1307],
            [28.8504, 61.1297],
            [28.8431, 61.1278],
            [28.8425, 61.1276],
            [28.8411, 61.1273],
            [28.837, 61.1262],
            [28.8363, 61.126],
            [28.8321, 61.125],
            [28.8317, 61.1249],
            [28.8217, 61.1222],
            [28.8191, 61.1216],
            [28.819, 61.1213],
            [28.8186, 61.1203],
            [28.8182, 61.1196],
            [28.8181, 61.1193],
            [28.8163, 61.1153],
            [28.816, 61.1145],
            [28.815, 61.1123],
            [28.8144, 61.111],
            [28.8136, 61.1091],
            [28.8133, 61.1085],
            [28.8129, 61.1075],
            [28.8124, 61.1065],
            [28.8124, 61.1064],
            [28.8121, 61.1058],
            [28.8118, 61.105],
            [28.8105, 61.1022],
            [28.8092, 61.0992],
            [28.808, 61.0965],
            [28.8074, 61.096],
            [28.806, 61.0948],
            [28.8043, 61.0934],
            [28.8008, 61.0926],
            [28.7892, 61.0862],
            [28.7838, 61.0832],
            [28.7776, 61.0798],
            [28.7767, 61.0792],
            [28.7766, 61.0793],
            [28.7756, 61.0798],
            [28.7734, 61.0812],
            [28.7722, 61.082],
            [28.7717, 61.0824],
            [28.7711, 61.0827],
            [28.7705, 61.0831],
            [28.7689, 61.0841],
            [28.7688, 61.0842],
            [28.7688, 61.0842],
            [28.7688, 61.0843],
            [28.7687, 61.0843],
            [28.7676, 61.0851],
            [28.7606, 61.0895],
            [28.7585, 61.0905],
            [28.7526, 61.0936],
            [28.7525, 61.0937],
            [28.7523, 61.0938],
            [28.7519, 61.094],
            [28.7507, 61.0946],
            [28.7499, 61.095],
            [28.7485, 61.0956],
            [28.7483, 61.0956],
            [28.7476, 61.0959],
            [28.7466, 61.0963],
            [28.7447, 61.097],
            [28.7426, 61.0977],
            [28.7416, 61.0981],
            [28.74, 61.0987],
            [28.7348, 61.1006],
            [28.7347, 61.1022],
            [28.7346, 61.1033],
            [28.7345, 61.1046],
            [28.7345, 61.1063],
            [28.7345, 61.1064],
            [28.7346, 61.1064],
            [28.7345, 61.1064],
            [28.7345, 61.1064],
            [28.7345, 61.1066],
            [28.7352, 61.1092],
            [28.7353, 61.1093],
            [28.736, 61.1109],
            [28.736, 61.111],
            [28.7362, 61.1115],
            [28.7365, 61.1122],
            [28.7371, 61.1141],
            [28.7381, 61.1171],
            [28.7382, 61.1171],
            [28.7383, 61.1176],
            [28.7385, 61.1182],
            [28.7388, 61.1189],
            [28.7395, 61.1208],
            [28.7399, 61.1221],
            [28.7382, 61.1222],
            [28.7384, 61.1216],
            [28.738, 61.1215],
            [28.7374, 61.1214],
            [28.7348, 61.1219],
            [28.7347, 61.1219],
            [28.734, 61.1219],
            [28.7334, 61.1221],
            [28.733, 61.1222],
            [28.7316, 61.1225],
            [28.7311, 61.1227],
            [28.7294, 61.1232],
            [28.7295, 61.1237],
            [28.7314, 61.1239],
            [28.7334, 61.1241],
            [28.7334, 61.1241],
            [28.7336, 61.1241],
            [28.7352, 61.124],
            [28.7363, 61.124],
            [28.7364, 61.124],
            [28.7406, 61.1239],
            [28.7414, 61.1264],
            [28.7421, 61.1281],
            [28.7423, 61.1286],
            [28.7427, 61.1298],
            [28.7428, 61.13],
            [28.7429, 61.1304],
            [28.7432, 61.1316],
            [28.7436, 61.133],
            [28.7436, 61.1333],
            [28.7437, 61.1334],
            [28.7437, 61.1334],
            [28.7437, 61.1334],
            [28.7437, 61.1336],
            [28.744, 61.1344],
            [28.744, 61.1345],
            [28.7442, 61.1352],
            [28.7449, 61.1382],
            [28.7452, 61.1391],
            [28.7452, 61.1393],
            [28.7452, 61.1393],
            [28.7451, 61.1393],
            [28.7451, 61.1393],
            [28.7449, 61.1394],
            [28.7449, 61.1394],
            [28.7449, 61.1394],
            [28.7448, 61.1394],
            [28.7446, 61.1395],
            [28.7445, 61.1395],
            [28.7445, 61.1396],
            [28.7444, 61.1396],
            [28.7444, 61.1396],
            [28.7444, 61.1396],
            [28.7443, 61.1396],
            [28.7443, 61.1397],
            [28.7443, 61.1397],
            [28.7442, 61.1397],
            [28.7442, 61.1397],
            [28.7442, 61.1397],
            [28.7441, 61.1397],
            [28.7441, 61.1398],
            [28.7441, 61.1398],
            [28.7441, 61.1398],
            [28.7441, 61.1398],
            [28.744, 61.1398],
            [28.744, 61.1398],
            [28.744, 61.1399],
            [28.744, 61.1399],
            [28.744, 61.1399],
            [28.744, 61.1399],
            [28.744, 61.1399],
            [28.744, 61.14],
            [28.7439, 61.14],
            [28.7439, 61.14],
            [28.7438, 61.14],
            [28.7438, 61.1401],
            [28.7438, 61.1401],
            [28.7437, 61.1401],
            [28.7437, 61.1402],
            [28.7437, 61.1402],
            [28.7436, 61.1402],
            [28.7436, 61.1402],
            [28.7436, 61.1402],
            [28.7436, 61.1403],
            [28.7436, 61.1403],
            [28.7436, 61.1403],
            [28.7436, 61.1403],
            [28.7435, 61.1404],
            [28.7435, 61.1405],
            [28.7435, 61.1405],
            [28.7435, 61.1405],
            [28.7435, 61.1405],
            [28.7435, 61.1406],
            [28.7434, 61.1406],
            [28.7434, 61.1406],
            [28.7434, 61.1406],
            [28.7434, 61.1407],
            [28.7434, 61.1407],
            [28.7434, 61.1407],
            [28.7432, 61.1408],
            [28.7432, 61.1408],
            [28.7432, 61.1409],
            [28.7432, 61.1409],
            [28.7432, 61.1409],
            [28.7432, 61.141],
            [28.7431, 61.1411],
            [28.7431, 61.1411],
            [28.7431, 61.1412],
            [28.7431, 61.1412],
            [28.743, 61.1412],
            [28.743, 61.1413],
            [28.743, 61.1413],
            [28.743, 61.1414],
            [28.743, 61.1416],
            [28.743, 61.1417],
            [28.743, 61.1417],
            [28.743, 61.1418],
            [28.743, 61.1418],
            [28.743, 61.1418],
            [28.743, 61.1418],
            [28.743, 61.1418],
            [28.743, 61.1419],
            [28.743, 61.1419],
            [28.743, 61.1419],
            [28.743, 61.1419],
            [28.743, 61.1419],
            [28.7431, 61.1421],
            [28.7431, 61.1421],
            [28.7431, 61.1421],
            [28.7431, 61.1422],
            [28.7432, 61.1422],
            [28.7432, 61.1422],
            [28.7432, 61.1422],
            [28.7432, 61.1423],
            [28.7433, 61.1423],
            [28.7433, 61.1423],
            [28.7433, 61.1423],
            [28.7433, 61.1423],
            [28.7433, 61.1424],
            [28.7433, 61.1424],
            [28.7434, 61.1424],
            [28.7434, 61.1424],
            [28.7436, 61.1425],
            [28.7436, 61.1425],
            [28.7437, 61.1425],
            [28.7437, 61.1426],
            [28.7438, 61.1426],
            [28.7438, 61.1426],
            [28.7438, 61.1426],
            [28.7438, 61.1426],
            [28.7439, 61.1426],
            [28.7439, 61.1426],
            [28.7439, 61.1427],
            [28.744, 61.1427],
            [28.744, 61.1427],
            [28.744, 61.1427],
            [28.744, 61.1427],
            [28.7441, 61.1427],
            [28.7441, 61.1427],
            [28.7441, 61.1428],
            [28.7442, 61.1428],
            [28.7442, 61.1428],
            [28.7443, 61.1429],
            [28.7443, 61.1429],
            [28.7444, 61.143],
            [28.7446, 61.1431],
            [28.7446, 61.1431],
            [28.7446, 61.1431],
            [28.7449, 61.1434],
            [28.7449, 61.1434],
            [28.7449, 61.1434],
            [28.745, 61.1434],
            [28.7451, 61.1436],
            [28.7451, 61.1436],
            [28.7452, 61.1436],
            [28.7453, 61.1437],
            [28.7452, 61.1438],
            [28.7452, 61.1438],
            [28.7451, 61.1438],
            [28.7451, 61.1438],
            [28.7436, 61.1447],
            [28.7431, 61.1449],
            [28.743, 61.145],
            [28.7425, 61.1453],
            [28.742, 61.1455],
            [28.742, 61.1456],
            [28.7415, 61.1458],
            [28.7392, 61.1471],
            [28.7372, 61.1482],
            [28.738, 61.1508],
            [28.7388, 61.1542],
            [28.7388, 61.1542],
            [28.7388, 61.1543],
            [28.7391, 61.1552],
            [28.7392, 61.1556],
            [28.7392, 61.1557],
            [28.7393, 61.1561],
            [28.7395, 61.157],
            [28.7396, 61.1573],
            [28.7397, 61.1576],
            [28.7398, 61.158],
            [28.7399, 61.1583],
            [28.7391, 61.1583],
            [28.7384, 61.1583],
            [28.7376, 61.1583],
            [28.737, 61.1583],
            [28.7361, 61.1584],
            [28.7354, 61.1584],
            [28.7341, 61.1584],
            [28.7328, 61.1585],
            [28.7318, 61.1585],
            [28.7309, 61.1585],
            [28.7301, 61.1585],
            [28.7298, 61.1585],
            [28.7291, 61.1585],
            [28.7289, 61.1585],
            [28.7291, 61.1597],
            [28.73, 61.1659],
            [28.7301, 61.1665],
            [28.7305, 61.1687],
            [28.7307, 61.1697],
            [28.7308, 61.1706],
            [28.7311, 61.1726],
            [28.7312, 61.1727],
            [28.7313, 61.173],
            [28.7315, 61.1732],
            [28.7315, 61.1732],
            [28.7318, 61.1735],
            [28.7318, 61.1736],
            [28.7322, 61.174],
            [28.7325, 61.1745],
            [28.7334, 61.1756],
            [28.7335, 61.1757],
            [28.7354, 61.1782],
            [28.7347, 61.1786],
            [28.7327, 61.1797],
            [28.7319, 61.1802],
            [28.7309, 61.1807],
            [28.7307, 61.1809],
            [28.7301, 61.1812],
            [28.73, 61.1812],
            [28.7297, 61.1814],
            [28.7291, 61.1817],
            [28.7278, 61.1823],
            [28.7257, 61.1835],
            [28.7242, 61.1843],
            [28.7225, 61.1853],
            [28.7221, 61.1855],
            [28.7216, 61.1858],
            [28.7211, 61.186],
            [28.7197, 61.1864],
            [28.7196, 61.1864],
            [28.719, 61.1866],
            [28.7189, 61.1866],
            [28.7187, 61.1867],
            [28.7202, 61.1874],
            [28.7206, 61.1876],
            [28.7221, 61.1883],
            [28.7242, 61.1893],
            [28.7252, 61.1898],
            [28.7265, 61.1904],
            [28.7272, 61.1908],
            [28.728, 61.1911],
            [28.7287, 61.1915],
            [28.7287, 61.1915],
            [28.7301, 61.1921],
            [28.726, 61.1938],
            [28.7183, 61.1971],
            [28.7182, 61.1972],
            [28.7182, 61.1973],
            [28.7177, 61.1983],
            [28.7042, 61.2045],
            [28.6972, 61.2078],
            [28.7055, 61.212],
            [28.6986, 61.2132],
            [28.6824, 61.2176],
            [28.6686, 61.2213],
            [28.6842, 61.2262],
            [28.6999, 61.231],
            [28.7017, 61.2316],
            [28.7061, 61.2293],
            [28.7149, 61.2324],
            [28.7173, 61.2332],
            [28.7224, 61.2349],
            [28.7241, 61.2355],
            [28.7252, 61.2359],
            [28.7257, 61.2361],
            [28.728, 61.2369],
            [28.7335, 61.2388],
            [28.7343, 61.239],
            [28.7408, 61.2413],
            [28.7456, 61.243],
            [28.7562, 61.2398],
            [28.7637, 61.2375],
            [28.7818, 61.2386],
            [28.7887, 61.239],
            [28.7981, 61.2395],
            [28.799, 61.2396],
            [28.8017, 61.2397],
            [28.8115, 61.2403],
            [28.8171, 61.2372],
            [28.8224, 61.2343],
            [28.8225, 61.2344],
            [28.8226, 61.2344],
            [28.823, 61.2346],
            [28.8231, 61.2347],
            [28.8272, 61.237],
            [28.8286, 61.2379],
            [28.8301, 61.2388],
            [28.8423, 61.2459],
            [28.8428, 61.2462],
            [28.8456, 61.2478],
            [28.846, 61.2481],
            [28.8489, 61.2498],
            [28.8451, 61.252],
            [28.8519, 61.2559],
            [28.8474, 61.2606],
            [28.841, 61.2662],
            [28.8363, 61.2703],
            [28.8417, 61.2745],
            [28.8418, 61.2746],
            [28.8456, 61.2776],
            [28.8591, 61.2754],
            [28.8594, 61.2754],
            [28.8604, 61.2755],
            [28.8607, 61.2755],
            [28.8609, 61.2755],
            [28.8614, 61.2756],
            [28.8618, 61.2756],
            [28.862, 61.2757],
            [28.8621, 61.2757],
            [28.8623, 61.2757],
            [28.8635, 61.2758],
            [28.8642, 61.2759],
            [28.8682, 61.2763],
            [28.8699, 61.2765],
            [28.8824, 61.2778],
            [28.8839, 61.278],
            [28.8921, 61.2788],
            [28.8962, 61.2792],
            [28.9045, 61.2801],
            [28.9104, 61.2843],
            [28.9142, 61.2772],
            [28.9142, 61.2772],
            [28.9143, 61.2772],
            [28.9143, 61.2772],
            [28.9143, 61.2771],
            [28.9143, 61.2771],
            [28.9143, 61.2771],
            [28.9144, 61.2771],
            [28.9144, 61.2771],
            [28.9144, 61.2771],
            [28.9144, 61.2771],
            [28.9145, 61.2771],
            [28.9145, 61.2771],
            [28.9145, 61.2771],
            [28.9146, 61.277],
            [28.9146, 61.277],
            [28.9147, 61.277],
            [28.9147, 61.277],
            [28.9147, 61.277],
            [28.9147, 61.277],
            [28.9147, 61.277],
            [28.9147, 61.277],
            [28.9148, 61.277],
            [28.9148, 61.2769],
            [28.9149, 61.2769],
            [28.915, 61.2768],
            [28.915, 61.2768],
            [28.915, 61.2768],
            [28.915, 61.2768],
            [28.9151, 61.2768],
            [28.9151, 61.2768],
            [28.9151, 61.2768],
            [28.9152, 61.2768],
            [28.9152, 61.2768],
            [28.9153, 61.2768],
            [28.9154, 61.2768],
            [28.9154, 61.2767],
            [28.9154, 61.2767],
            [28.9154, 61.2767],
            [28.9155, 61.2767],
            [28.9155, 61.2767],
            [28.9155, 61.2767],
            [28.9156, 61.2767],
            [28.9156, 61.2767],
            [28.9156, 61.2767],
            [28.9156, 61.2767],
            [28.9157, 61.2767],
            [28.9157, 61.2767],
            [28.9157, 61.2767],
            [28.9158, 61.2766],
            [28.9158, 61.2766],
            [28.9159, 61.2766],
            [28.9159, 61.2765],
            [28.9159, 61.2765],
            [28.916, 61.2765],
            [28.916, 61.2765],
            [28.916, 61.2765],
            [28.916, 61.2765],
            [28.916, 61.2765],
            [28.9161, 61.2765],
            [28.9161, 61.2765],
            [28.9161, 61.2765],
            [28.9162, 61.2764],
            [28.9162, 61.2764],
            [28.9163, 61.2764],
            [28.9163, 61.2764],
            [28.9164, 61.2764],
            [28.9165, 61.2763],
            [28.9165, 61.2763],
            [28.9166, 61.2763],
            [28.9166, 61.2763],
            [28.9166, 61.2763],
            [28.9167, 61.2762],
            [28.9167, 61.2762],
            [28.9168, 61.2762],
            [28.9168, 61.2762],
            [28.9169, 61.2762],
            [28.9169, 61.2762],
            [28.917, 61.2762],
            [28.9175, 61.276],
            [28.9176, 61.276],
            [28.9179, 61.276],
            [28.9185, 61.2758],
            [28.9185, 61.2758],
            [28.9188, 61.2758],
            [28.9188, 61.2758],
            [28.9188, 61.2758],
            [28.9188, 61.2758],
            [28.9189, 61.2757],
            [28.9189, 61.2757],
            [28.9155, 61.2722],
            [28.9144, 61.271],
            [28.9133, 61.2698],
            [28.9096, 61.2658],
            [28.9082, 61.2643],
            [28.9062, 61.2622],
            [28.9061, 61.2621],
            [28.906, 61.262],
            [28.906, 61.262],
            [28.9056, 61.2616],
            [28.9056, 61.2616],
            [28.9056, 61.2616],
            [28.9053, 61.2612],
            [28.9053, 61.2612],
            [28.904, 61.2592],
            [28.9035, 61.2585],
            [28.9031, 61.2579],
            [28.9021, 61.2563],
            [28.9018, 61.2559],
            [28.904, 61.2565],
            [28.9046, 61.2567],
            [28.9053, 61.2569],
            [28.9061, 61.2572],
            [28.9067, 61.2575],
            [28.9082, 61.2582],
            [28.91, 61.2592],
            [28.9115, 61.2601],
            [28.9116, 61.2602],
            [28.9118, 61.2602],
            [28.9137, 61.2599],
            [28.9153, 61.2597],
            [28.9149, 61.2591],
            [28.9182, 61.2588],
            [28.9203, 61.2555],
            [28.9213, 61.2538],
            [28.92, 61.2515],
            [28.9159, 61.2446],
            [28.9148, 61.2428],
            [28.9154, 61.2427],
            [28.9157, 61.2427],
            [28.9172, 61.2414],
            [28.9208, 61.2425],
            [28.922, 61.2429],
            [28.9224, 61.2431],
            [28.9225, 61.2431],
            [28.9229, 61.2432],
            [28.9232, 61.243],
            [28.9231, 61.2429],
            [28.9231, 61.2429],
            [28.9234, 61.2426],
            [28.9228, 61.2424],
            [28.9228, 61.2424],
            [28.9228, 61.2424],
            [28.9228, 61.2423],
            [28.9228, 61.2423],
            [28.9228, 61.2423],
            [28.9229, 61.2423],
            [28.9229, 61.2423],
            [28.9229, 61.2422],
            [28.9229, 61.2422],
            [28.9229, 61.2422],
            [28.9229, 61.2422],
            [28.9229, 61.2422],
            [28.9229, 61.2422],
            [28.9229, 61.2421],
            [28.9229, 61.2421],
            [28.9229, 61.2421],
            [28.9229, 61.2421],
            [28.9229, 61.242],
            [28.9229, 61.242],
            [28.9229, 61.242],
            [28.9229, 61.242],
            [28.9229, 61.242],
            [28.9229, 61.2419],
            [28.9229, 61.2419],
            [28.923, 61.2419],
            [28.923, 61.2419],
            [28.9229, 61.2419],
            [28.9229, 61.2418],
            [28.9229, 61.2418],
            [28.9229, 61.2418],
            [28.9229, 61.2418],
            [28.9229, 61.2418],
            [28.9229, 61.2418],
            [28.9229, 61.2417],
            [28.9229, 61.2417],
            [28.9229, 61.2417],
            [28.9229, 61.2416],
            [28.9229, 61.2416],
            [28.9229, 61.2416],
            [28.9228, 61.2415],
            [28.9228, 61.2415],
            [28.9228, 61.2415],
            [28.9233, 61.2412],
            [28.9233, 61.2412],
            [28.9239, 61.2409],
            [28.9244, 61.2406],
            [28.9248, 61.2404],
            [28.9249, 61.2403],
            [28.925, 61.2403],
            [28.9252, 61.2402],
            [28.9254, 61.2401],
            [28.9255, 61.2399],
            [28.9258, 61.2397],
            [28.9261, 61.2394],
            [28.9264, 61.2392],
            [28.9264, 61.2392],
            [28.9267, 61.2389],
            [28.9269, 61.2387],
            [28.9271, 61.2387],
            [28.9271, 61.2387],
            [28.9271, 61.2386],
            [28.9276, 61.2385],
            [28.9284, 61.2381],
            [28.9301, 61.2384],
            [28.9313, 61.2386],
            [28.9318, 61.2387],
            [28.9327, 61.2382],
            [28.9337, 61.2376],
            [28.9339, 61.2376],
            [28.9359, 61.2372],
            [28.9356, 61.2368],
            [28.935, 61.2361],
            [28.9348, 61.2359],
            [28.9348, 61.2358],
            [28.9347, 61.2357],
            [28.9346, 61.2356],
            [28.9346, 61.2356],
            [28.9346, 61.2356],
            [28.9345, 61.2355],
            [28.9343, 61.2353],
            [28.9342, 61.2352],
            [28.9338, 61.2346],
            [28.9335, 61.2343],
            [28.9334, 61.2342],
            [28.9327, 61.2333],
            [28.9315, 61.2318],
            [28.9314, 61.2318],
            [28.9273, 61.2276],
            [28.9314, 61.2259],
            [28.9451, 61.2202],
            [28.9523, 61.2172],
            [28.9544, 61.2163],
            [28.9558, 61.2157],
            [28.9651, 61.2121],
            [28.9734, 61.2087],
            [28.9851, 61.2038]
          ]
        ]
      }
    },
    {
      "type": "Feature",
      "styles": [
        { "color": "#666", "weight": 2, "opacity": 1 },
        { "color": "#333", "weight": 12, "opacity": 0.2 }
      ],
      "properties": { "ID": "C" },
      "geometry": {
        "type": "MultiLineString",
        "coordinates": [
          [
            [28.98505, 61.203754],
            [29.013292, 61.192075],
            [29.016224, 61.190861],
            [29.016513, 61.190742],
            [29.021969, 61.188483],
            [29.019608, 61.18753],
            [29.014311, 61.185389],
            [29.000061, 61.179627],
            [28.998201, 61.178875],
            [28.98705, 61.174363],
            [28.985673, 61.173806],
            [28.981316, 61.170423],
            [28.976617, 61.166772],
            [28.973674, 61.164485],
            [28.97121, 61.162571],
            [28.9708, 61.162252],
            [28.965096, 61.157858],
            [28.963373, 61.156537],
            [28.957212, 61.151814],
            [28.956861, 61.151545],
            [28.954229, 61.151604],
            [28.952256, 61.151659],
            [28.951631, 61.151676],
            [28.950237, 61.151005],
            [28.944182, 61.148089],
            [28.927073, 61.145889],
            [28.926218, 61.145773],
            [28.91496, 61.14333],
            [28.906296, 61.144189],
            [28.904595, 61.144359],
            [28.902456, 61.144572],
            [28.89777, 61.144016],
            [28.892212, 61.143357],
            [28.892115, 61.143345],
            [28.883535, 61.142326],
            [28.882444, 61.141637],
            [28.872795, 61.135533],
            [28.86133, 61.132553],
            [28.857995, 61.131686],
            [28.854306, 61.130727],
            [28.850448, 61.129723],
            [28.843089, 61.127809],
            [28.842462, 61.127647],
            [28.841113, 61.127297],
            [28.837029, 61.126241],
            [28.836262, 61.126041],
            [28.832099, 61.12496],
            [28.831694, 61.124854],
            [28.821687, 61.122246],
            [28.819105, 61.121571],
            [28.819005, 61.121344],
            [28.818562, 61.120345],
            [28.818222, 61.119579],
            [28.818077, 61.119251],
            [28.816337, 61.115324],
            [28.815955, 61.114463],
            [28.81499, 61.112283],
            [28.814414, 61.110983],
            [28.813601, 61.109149],
            [28.813321, 61.108516],
            [28.812867, 61.10749],
            [28.81241, 61.106459],
            [28.812366, 61.10636],
            [28.812121, 61.105806],
            [28.811755, 61.10498],
            [28.810516, 61.10218],
            [28.809205, 61.099219],
            [28.80801, 61.096524],
            [28.807393, 61.096001],
            [28.806009, 61.09483],
            [28.804304, 61.093387],
            [28.800796, 61.092558],
            [28.789208, 61.08616],
            [28.783843, 61.083208],
            [28.77765, 61.079802],
            [28.776651, 61.079249],
            [28.776582, 61.079285],
            [28.775578, 61.079825],
            [28.773406, 61.081235],
            [28.772154, 61.082048],
            [28.771677, 61.082357],
            [28.771112, 61.082724],
            [28.770541, 61.083109],
            [28.76893, 61.084144],
            [28.768849, 61.084199],
            [28.768828, 61.084214],
            [28.76875, 61.08426],
            [28.768689, 61.084304],
            [28.767553, 61.085052],
            [28.760562, 61.089468],
            [28.758523, 61.090528],
            [28.752565, 61.093622],
            [28.752468, 61.09368],
            [28.752336, 61.093758],
            [28.751902, 61.093981],
            [28.750676, 61.094623],
            [28.749934, 61.095008],
            [28.748475, 61.095551],
            [28.748325, 61.09561],
            [28.747617, 61.095885],
            [28.746575, 61.096268],
            [28.744654, 61.096978],
            [28.742648, 61.097716],
            [28.741624, 61.098106],
            [28.739994, 61.09871],
            [28.734769, 61.100645],
            [28.734687, 61.102223],
            [28.734625, 61.103331],
            [28.734547, 61.104563],
            [28.734535, 61.10632],
            [28.734549, 61.106384],
            [28.734551, 61.106392],
            [28.734547, 61.106425],
            [28.734545, 61.106442],
            [28.734531, 61.106564],
            [28.735218, 61.109183],
            [28.735271, 61.109305],
            [28.73598, 61.110938],
            [28.735986, 61.110952],
            [28.736219, 61.111483],
            [28.736463, 61.112228],
            [28.737131, 61.114102],
            [28.738149, 61.117102],
            [28.738151, 61.117107],
            [28.738324, 61.117577],
            [28.738533, 61.118198],
            [28.738796, 61.118876],
            [28.739483, 61.120846],
            [28.739926, 61.122091],
            [28.738215, 61.122185],
            [28.738406, 61.121589],
            [28.737951, 61.121504],
            [28.737389, 61.121393],
            [28.734831, 61.121902],
            [28.734721, 61.121908],
            [28.733982, 61.121942],
            [28.733379, 61.122104],
            [28.733001, 61.122195],
            [28.73163, 61.122547],
            [28.731092, 61.122709],
            [28.729399, 61.123244],
            [28.729461, 61.123679],
            [28.731395, 61.123862],
            [28.733385, 61.12408],
            [28.733425, 61.124055],
            [28.733633, 61.124075],
            [28.735233, 61.124027],
            [28.736335, 61.123996],
            [28.736416, 61.123985],
            [28.740572, 61.123853],
            [28.741443, 61.126371],
            [28.742084, 61.128074],
            [28.742289, 61.12864],
            [28.742744, 61.129844],
            [28.74278, 61.12997],
            [28.742875, 61.130365],
            [28.74318, 61.131628],
            [28.743554, 61.133006],
            [28.743643, 61.133323],
            [28.743659, 61.133379],
            [28.74366, 61.133384],
            [28.743663, 61.133393],
            [28.743712, 61.133566],
            [28.743963, 61.134429],
            [28.743972, 61.134455],
            [28.744171, 61.135201],
            [28.744933, 61.138159],
            [28.745211, 61.139141],
            [28.745239, 61.139287],
            [28.745232, 61.139289],
            [28.745113, 61.139332],
            [28.745083, 61.139343],
            [28.744907, 61.139409],
            [28.744899, 61.139412],
            [28.744868, 61.139423],
            [28.744841, 61.139433],
            [28.744633, 61.139509],
            [28.744543, 61.139541],
            [28.744515, 61.139551],
            [28.744404, 61.139599],
            [28.744373, 61.139612],
            [28.744366, 61.139616],
            [28.744314, 61.139641],
            [28.744288, 61.139654],
            [28.744263, 61.139667],
            [28.744239, 61.139681],
            [28.74423, 61.139687],
            [28.744186, 61.139715],
            [28.744145, 61.139745],
            [28.744125, 61.139761],
            [28.744117, 61.139767],
            [28.744079, 61.139798],
            [28.744062, 61.139814],
            [28.744049, 61.139831],
            [28.744038, 61.139848],
            [28.744029, 61.139865],
            [28.744025, 61.139875],
            [28.744006, 61.13991],
            [28.743991, 61.139929],
            [28.743975, 61.139945],
            [28.743956, 61.139961],
            [28.743935, 61.139976],
            [28.743924, 61.139984],
            [28.743848, 61.140046],
            [28.74383, 61.14006],
            [28.743754, 61.140122],
            [28.743747, 61.140128],
            [28.743688, 61.140176],
            [28.743668, 61.140191],
            [28.743649, 61.140208],
            [28.743635, 61.140225],
            [28.743625, 61.140242],
            [28.74361, 61.140277],
            [28.743608, 61.140283],
            [28.743579, 61.140335],
            [28.743577, 61.14034],
            [28.743538, 61.140411],
            [28.743499, 61.14048],
            [28.743497, 61.140484],
            [28.74347, 61.140532],
            [28.743463, 61.140546],
            [28.743453, 61.140564],
            [28.743441, 61.140582],
            [28.743416, 61.140615],
            [28.743412, 61.14062],
            [28.743375, 61.140671],
            [28.743366, 61.140683],
            [28.743356, 61.140695],
            [28.743247, 61.140829],
            [28.743234, 61.140846],
            [28.743223, 61.140863],
            [28.743213, 61.140878],
            [28.743173, 61.140947],
            [28.743163, 61.140965],
            [28.743112, 61.141069],
            [28.743105, 61.141085],
            [28.743075, 61.141156],
            [28.743071, 61.141165],
            [28.743048, 61.141236],
            [28.743043, 61.141254],
            [28.743035, 61.141291],
            [28.743015, 61.141435],
            [28.742995, 61.141578],
            [28.742987, 61.141686],
            [28.742987, 61.141704],
            [28.74299, 61.141757],
            [28.742992, 61.141775],
            [28.742994, 61.141788],
            [28.742997, 61.141806],
            [28.742999, 61.141815],
            [28.743006, 61.141851],
            [28.743008, 61.14186],
            [28.743023, 61.141913],
            [28.74303, 61.141931],
            [28.743035, 61.141944],
            [28.74309, 61.142067],
            [28.743096, 61.142079],
            [28.743132, 61.142149],
            [28.743143, 61.142166],
            [28.743168, 61.1422],
            [28.743181, 61.142217],
            [28.743186, 61.142222],
            [28.743218, 61.142255],
            [28.743251, 61.142287],
            [28.743257, 61.142293],
            [28.743294, 61.142324],
            [28.743314, 61.142339],
            [28.743335, 61.142354],
            [28.743346, 61.14236],
            [28.743416, 61.142402],
            [28.743431, 61.142411],
            [28.743554, 61.142478],
            [28.743561, 61.142482],
            [28.743684, 61.142549],
            [28.743702, 61.142559],
            [28.743752, 61.142585],
            [28.743778, 61.1426],
            [28.743801, 61.142614],
            [28.743825, 61.142626],
            [28.743859, 61.142637],
            [28.743891, 61.142646],
            [28.743921, 61.142656],
            [28.743981, 61.142677],
            [28.74399, 61.142681],
            [28.744019, 61.142692],
            [28.744046, 61.142705],
            [28.744072, 61.142717],
            [28.744097, 61.14273],
            [28.744145, 61.142758],
            [28.744156, 61.142765],
            [28.744225, 61.142808],
            [28.744288, 61.142852],
            [28.74433, 61.142884],
            [28.744441, 61.142977],
            [28.744603, 61.143119],
            [28.744622, 61.143134],
            [28.744634, 61.143144],
            [28.744905, 61.143358],
            [28.744923, 61.143373],
            [28.744941, 61.143388],
            [28.744961, 61.143406],
            [28.745135, 61.143564],
            [28.745145, 61.143574],
            [28.745161, 61.143589],
            [28.745291, 61.143719],
            [28.74521, 61.143763],
            [28.745159, 61.143793],
            [28.745101, 61.143824],
            [28.745089, 61.143831],
            [28.743589, 61.144666],
            [28.743106, 61.144934],
            [28.742998, 61.144995],
            [28.742506, 61.145268],
            [28.742045, 61.145528],
            [28.74195, 61.145582],
            [28.741533, 61.145818],
            [28.739235, 61.147104],
            [28.737204, 61.148213],
            [28.737994, 61.150833],
            [28.738779, 61.154204],
            [28.738791, 61.15425],
            [28.738801, 61.154291],
            [28.739073, 61.155154],
            [28.739185, 61.155599],
            [28.739214, 61.155715],
            [28.739303, 61.156072],
            [28.739544, 61.157038],
            [28.739609, 61.157296],
            [28.739693, 61.157628],
            [28.739776, 61.157958],
            [28.739857, 61.158278],
            [28.739106, 61.158294],
            [28.738358, 61.158313],
            [28.737637, 61.158332],
            [28.737044, 61.158348],
            [28.736118, 61.158368],
            [28.735359, 61.158386],
            [28.734093, 61.15842],
            [28.732826, 61.158453],
            [28.731834, 61.158475],
            [28.730886, 61.158507],
            [28.730076, 61.158528],
            [28.729791, 61.15853],
            [28.729138, 61.158544],
            [28.728894, 61.15855],
            [28.729063, 61.159687],
            [28.729961, 61.165858],
            [28.730139, 61.166511],
            [28.730482, 61.168695],
            [28.73067, 61.169673],
            [28.730828, 61.170603],
            [28.731131, 61.172567],
            [28.731155, 61.172705],
            [28.731342, 61.172962],
            [28.731485, 61.173155],
            [28.731531, 61.173213],
            [28.731779, 61.173543],
            [28.731827, 61.173603],
            [28.732172, 61.174034],
            [28.73254, 61.174491],
            [28.733365, 61.175567],
            [28.733493, 61.175709],
            [28.735386, 61.178228],
            [28.734686, 61.178618],
            [28.732684, 61.179748],
            [28.731935, 61.180166],
            [28.730932, 61.180729],
            [28.730707, 61.180859],
            [28.730115, 61.181165],
            [28.730036, 61.181207],
            [28.729667, 61.181395],
            [28.729135, 61.181668],
            [28.727815, 61.182342],
            [28.725737, 61.183481],
            [28.7242, 61.184328],
            [28.722498, 61.185258],
            [28.722111, 61.185466],
            [28.72155, 61.185767],
            [28.721054, 61.186037],
            [28.719711, 61.186397],
            [28.719563, 61.186437],
            [28.718952, 61.1866],
            [28.71894, 61.186606],
            [28.718683, 61.186664],
            [28.720181, 61.187391],
            [28.720593, 61.187598],
            [28.722099, 61.188324],
            [28.724214, 61.189334],
            [28.725219, 61.189809],
            [28.726535, 61.190441],
            [28.727223, 61.190766],
            [28.728032, 61.191147],
            [28.728722, 61.191475],
            [28.728738, 61.191482],
            [28.730111, 61.192129],
            [28.726022, 61.193835],
            [28.718278, 61.197145],
            [28.718227, 61.197229],
            [28.718184, 61.197309],
            [28.717669, 61.198316],
            [28.70422, 61.204514],
            [28.697153, 61.207769],
            [28.705502, 61.211977],
            [28.69858, 61.213181],
            [28.682367, 61.217584],
            [28.668571, 61.221327],
            [28.68424, 61.22617],
            [28.699914, 61.23101],
            [28.701683, 61.231556],
            [28.70607, 61.229284],
            [28.714923, 61.232351],
            [28.717267, 61.233164],
            [28.722407, 61.234945],
            [28.724082, 61.235524],
            [28.725178, 61.235904],
            [28.725656, 61.23607],
            [28.728027, 61.236891],
            [28.733452, 61.238769],
            [28.734259, 61.239049],
            [28.740818, 61.241319],
            [28.745606, 61.242976],
            [28.756161, 61.239785],
            [28.763663, 61.237515],
            [28.781823, 61.238569],
            [28.788681, 61.238967],
            [28.798094, 61.239512],
            [28.799019, 61.239565],
            [28.801662, 61.239719],
            [28.811474, 61.240286],
            [28.817142, 61.237186],
            [28.822379, 61.234285],
            [28.822526, 61.234372],
            [28.82262, 61.234427],
            [28.822977, 61.234634],
            [28.823121, 61.234716],
            [28.827156, 61.237044],
            [28.828589, 61.23787],
            [28.830123, 61.238773],
            [28.842335, 61.245944],
            [28.842798, 61.246214],
            [28.845561, 61.247825],
            [28.846047, 61.248111],
            [28.84891, 61.249782],
            [28.845127, 61.252006],
            [28.851919, 61.255917],
            [28.847408, 61.260601],
            [28.840976, 61.266217],
            [28.836347, 61.270256],
            [28.841709, 61.274508],
            [28.841836, 61.274608],
            [28.845644, 61.277629],
            [28.859101, 61.275358],
            [28.859386, 61.275387],
            [28.860402, 61.275492],
            [28.860676, 61.275521],
            [28.860859, 61.27554],
            [28.86139, 61.275593],
            [28.861808, 61.275636],
            [28.861951, 61.275652],
            [28.862066, 61.275664],
            [28.862261, 61.275684],
            [28.863539, 61.275815],
            [28.864247, 61.27589],
            [28.868246, 61.276285],
            [28.86991, 61.276469],
            [28.882412, 61.27781],
            [28.883919, 61.277967],
            [28.892144, 61.278825],
            [28.896158, 61.279246],
            [28.904475, 61.280113],
            [28.910447, 61.284349],
            [28.914192, 61.277228],
            [28.914233, 61.277194],
            [28.914271, 61.277163],
            [28.914282, 61.277155],
            [28.914306, 61.277139],
            [28.914325, 61.277127],
            [28.91434, 61.277119],
            [28.914358, 61.27711],
            [28.914375, 61.277102],
            [28.914403, 61.27709],
            [28.914429, 61.277081],
            [28.91446, 61.277071],
            [28.914465, 61.277069],
            [28.914498, 61.277059],
            [28.914593, 61.277031],
            [28.914622, 61.277022],
            [28.914653, 61.277012],
            [28.914676, 61.277004],
            [28.914706, 61.276993],
            [28.914712, 61.276991],
            [28.91474, 61.27698],
            [28.914747, 61.276976],
            [28.914772, 61.276963],
            [28.914796, 61.276949],
            [28.914928, 61.276862],
            [28.914952, 61.276849],
            [28.914977, 61.276835],
            [28.914994, 61.276828],
            [28.915022, 61.276816],
            [28.915053, 61.276806],
            [28.915085, 61.276797],
            [28.915119, 61.276789],
            [28.915153, 61.276782],
            [28.915224, 61.27677],
            [28.915331, 61.276756],
            [28.915356, 61.276753],
            [28.915393, 61.276749],
            [28.915428, 61.276743],
            [28.915434, 61.276742],
            [28.915467, 61.276733],
            [28.915528, 61.276712],
            [28.915535, 61.27671],
            [28.915566, 61.2767],
            [28.915589, 61.276693],
            [28.915618, 61.276682],
            [28.915636, 61.276676],
            [28.915665, 61.276664],
            [28.915673, 61.276661],
            [28.915698, 61.27665],
            [28.915802, 61.276598],
            [28.915815, 61.276592],
            [28.915892, 61.276553],
            [28.915914, 61.276542],
            [28.915936, 61.276531],
            [28.91596, 61.27652],
            [28.915983, 61.27651],
            [28.916002, 61.276502],
            [28.916032, 61.276491],
            [28.916038, 61.276488],
            [28.916065, 61.276479],
            [28.916087, 61.276472],
            [28.916113, 61.276464],
            [28.91621, 61.276437],
            [28.916243, 61.276427],
            [28.916272, 61.276416],
            [28.916327, 61.276391],
            [28.916385, 61.276367],
            [28.916469, 61.276331],
            [28.916485, 61.276325],
            [28.916572, 61.276291],
            [28.916602, 61.27628],
            [28.916616, 61.276275],
            [28.916708, 61.276245],
            [28.916716, 61.276242],
            [28.916811, 61.276213],
            [28.916821, 61.27621],
            [28.916885, 61.276192],
            [28.916892, 61.27619],
            [28.917024, 61.276157],
            [28.917537, 61.27605],
            [28.917566, 61.276044],
            [28.917909, 61.275968],
            [28.91848, 61.275836],
            [28.918496, 61.275832],
            [28.918764, 61.275769],
            [28.918787, 61.275764],
            [28.918821, 61.275757],
            [28.918841, 61.275752],
            [28.918873, 61.275742],
            [28.918886, 61.275738],
            [28.915524, 61.27217],
            [28.914396, 61.270973],
            [28.913292, 61.269764],
            [28.909595, 61.265825],
            [28.908157, 61.264297],
            [28.906205, 61.262234],
            [28.906111, 61.262134],
            [28.90598, 61.261994],
            [28.905955, 61.261968],
            [28.905635, 61.261613],
            [28.905584, 61.261572],
            [28.905573, 61.261561],
            [28.905288, 61.261249],
            [28.90528, 61.261246],
            [28.90396, 61.259196],
            [28.903507, 61.258493],
            [28.90312, 61.257892],
            [28.902087, 61.256274],
            [28.901846, 61.255894],
            [28.903951, 61.256477],
            [28.904618, 61.256667],
            [28.905272, 61.256895],
            [28.906115, 61.257217],
            [28.906683, 61.257457],
            [28.908226, 61.258243],
            [28.909957, 61.259217],
            [28.91152, 61.260122],
            [28.911616, 61.260177],
            [28.911793, 61.260159],
            [28.913661, 61.259924],
            [28.915337, 61.259713],
            [28.914901, 61.259107],
            [28.91817, 61.258775],
            [28.92026, 61.255478],
            [28.921312, 61.253824],
            [28.919952, 61.251548],
            [28.915871, 61.244566],
            [28.914791, 61.242751],
            [28.915372, 61.242721],
            [28.915695, 61.242712],
            [28.917212, 61.241439],
            [28.92076, 61.242549],
            [28.921969, 61.242927],
            [28.922397, 61.243062],
            [28.92247, 61.243081],
            [28.922869, 61.243206],
            [28.92317, 61.24298],
            [28.923136, 61.242935],
            [28.923075, 61.242863],
            [28.923372, 61.242637],
            [28.922771, 61.242434],
            [28.922793, 61.2424],
            [28.922797, 61.242395],
            [28.92283, 61.242343],
            [28.922835, 61.242336],
            [28.922842, 61.242323],
            [28.922867, 61.24227],
            [28.922873, 61.242258],
            [28.922891, 61.242223],
            [28.922896, 61.242211],
            [28.922903, 61.242193],
            [28.922904, 61.242191],
            [28.922916, 61.242155],
            [28.922917, 61.242152],
            [28.922931, 61.242117],
            [28.922935, 61.242098],
            [28.922937, 61.24208],
            [28.922937, 61.242061],
            [28.922938, 61.242025],
            [28.922938, 61.242015],
            [28.922938, 61.241997],
            [28.922938, 61.241989],
            [28.92294, 61.241969],
            [28.922947, 61.241915],
            [28.922948, 61.241907],
            [28.922951, 61.241886],
            [28.92295, 61.241868],
            [28.922948, 61.24185],
            [28.922946, 61.24184],
            [28.922942, 61.241804],
            [28.922941, 61.241792],
            [28.92294, 61.241774],
            [28.922938, 61.241766],
            [28.922935, 61.241756],
            [28.922911, 61.241683],
            [28.922905, 61.241666],
            [28.922901, 61.241656],
            [28.922895, 61.241645],
            [28.922857, 61.241575],
            [28.922855, 61.241571],
            [28.922844, 61.24155],
            [28.922832, 61.241529],
            [28.922816, 61.2415],
            [28.923306, 61.241233],
            [28.923313, 61.241229],
            [28.923872, 61.24091],
            [28.924434, 61.240596],
            [28.924837, 61.240374],
            [28.924885, 61.240347],
            [28.925032, 61.240263],
            [28.925222, 61.240154],
            [28.925374, 61.240068],
            [28.925512, 61.239949],
            [28.925798, 61.239701],
            [28.926133, 61.239411],
            [28.926364, 61.239211],
            [28.926405, 61.239176],
            [28.926669, 61.238949],
            [28.926917, 61.238733],
            [28.927076, 61.238665],
            [28.927107, 61.238654],
            [28.927147, 61.238633],
            [28.927553, 61.238465],
            [28.928377, 61.238114],
            [28.930075, 61.238416],
            [28.931308, 61.238622],
            [28.931823, 61.238716],
            [28.932666, 61.238229],
            [28.933727, 61.237608],
            [28.933944, 61.237568],
            [28.935907, 61.237214],
            [28.935567, 61.236791],
            [28.93502, 61.236136],
            [28.934786, 61.235856],
            [28.934764, 61.235829],
            [28.934704, 61.235736],
            [28.934616, 61.235647],
            [28.934611, 61.235642],
            [28.93457, 61.235588],
            [28.934486, 61.235494],
            [28.934309, 61.235267],
            [28.93424, 61.235183],
            [28.9338, 61.234648],
            [28.933528, 61.234316],
            [28.933397, 61.234155],
            [28.932708, 61.233309],
            [28.931491, 61.231821],
            [28.931433, 61.23175],
            [28.927284, 61.227581],
            [28.931367, 61.225867],
            [28.945056, 61.220198],
            [28.952329, 61.217163],
            [28.954387, 61.216317],
            [28.955767, 61.215744],
            [28.965127, 61.212103],
            [28.973366, 61.208663],
            [28.98505, 61.203754]
          ]
        ]
      }
    },
    {
      "type": "Feature",
      "styles": [
        { "color": "#666", "weight": 2, "opacity": 1 },
        { "color": "#333", "weight": 12, "opacity": 0.2 }
      ],
      "properties": { "ID": "B" },
      "geometry": {
        "type": "MultiLineString",
        "coordinates": [
          [
            [28.776651, 61.079249],
            [28.776582, 61.079285],
            [28.775578, 61.079825],
            [28.773406, 61.081235],
            [28.772154, 61.082048],
            [28.771677, 61.082357],
            [28.771112, 61.082724],
            [28.770541, 61.083109],
            [28.76893, 61.084144],
            [28.76885, 61.084196],
            [28.768828, 61.084214],
            [28.76875, 61.08426],
            [28.768689, 61.084304],
            [28.767553, 61.085052],
            [28.760562, 61.089469],
            [28.758523, 61.090528],
            [28.752575, 61.09363],
            [28.752551, 61.093643],
            [28.752333, 61.093756],
            [28.751901, 61.093981],
            [28.751895, 61.093984],
            [28.750676, 61.094623],
            [28.749938, 61.095008],
            [28.748721, 61.095461],
            [28.748324, 61.095611],
            [28.747619, 61.09588],
            [28.746575, 61.096268],
            [28.744654, 61.096978],
            [28.742648, 61.097716],
            [28.741624, 61.098106],
            [28.739994, 61.09871],
            [28.734769, 61.100645],
            [28.734687, 61.102223],
            [28.734625, 61.103331],
            [28.734547, 61.104563],
            [28.734535, 61.10632],
            [28.734549, 61.106385],
            [28.734547, 61.106425],
            [28.734545, 61.106442],
            [28.734531, 61.106564],
            [28.735216, 61.109182],
            [28.735268, 61.109307],
            [28.735986, 61.110952],
            [28.736219, 61.111483],
            [28.736463, 61.112228],
            [28.737131, 61.114102],
            [28.738158, 61.117102],
            [28.738324, 61.117577],
            [28.738789, 61.118877],
            [28.739073, 61.119672],
            [28.739083, 61.119699],
            [28.739483, 61.120846],
            [28.739807, 61.121762],
            [28.739926, 61.122091],
            [28.738214, 61.122183],
            [28.738403, 61.121588],
            [28.73796, 61.121506],
            [28.737389, 61.121393],
            [28.73483, 61.121903],
            [28.734721, 61.121908],
            [28.733982, 61.121942],
            [28.733377, 61.122098],
            [28.732951, 61.122208],
            [28.73163, 61.122547],
            [28.731092, 61.122709],
            [28.729822, 61.12311],
            [28.729399, 61.123244],
            [28.729461, 61.123679],
            [28.731395, 61.123862],
            [28.733425, 61.124055],
            [28.733633, 61.124075],
            [28.735233, 61.124027],
            [28.736335, 61.123996],
            [28.736416, 61.123985],
            [28.740571, 61.123853],
            [28.74144, 61.126364],
            [28.742084, 61.128074],
            [28.742289, 61.12864],
            [28.742744, 61.129844],
            [28.742875, 61.130365],
            [28.74318, 61.131628],
            [28.743554, 61.133006],
            [28.743643, 61.133323],
            [28.743659, 61.133379],
            [28.743663, 61.133393],
            [28.743709, 61.133554],
            [28.743963, 61.134429],
            [28.743972, 61.134455],
            [28.744171, 61.135201],
            [28.744933, 61.138159],
            [28.745211, 61.139141],
            [28.745216, 61.139161],
            [28.745248, 61.139283],
            [28.744816, 61.139445],
            [28.74433, 61.139653],
            [28.743933, 61.139923],
            [28.743781, 61.140075],
            [28.743649, 61.140208],
            [28.743244, 61.140725],
            [28.74314, 61.141027],
            [28.742943, 61.141426],
            [28.742927, 61.141663],
            [28.743002, 61.141879],
            [28.743061, 61.142007],
            [28.743141, 61.142137],
            [28.743312, 61.142335],
            [28.744088, 61.142774],
            [28.744305, 61.142915],
            [28.744389, 61.142975],
            [28.744604, 61.143136],
            [28.744684, 61.143206],
            [28.744849, 61.143366],
            [28.74521, 61.143763],
            [28.745101, 61.143824],
            [28.745089, 61.143831],
            [28.743589, 61.144666],
            [28.743106, 61.144934],
            [28.742998, 61.144995],
            [28.742506, 61.145268],
            [28.742045, 61.145528],
            [28.74195, 61.145582],
            [28.741533, 61.145818],
            [28.739235, 61.147104],
            [28.737321, 61.148143],
            [28.737994, 61.150833],
            [28.738779, 61.154204],
            [28.738791, 61.15425],
            [28.738801, 61.154291],
            [28.739073, 61.155154],
            [28.739185, 61.155599],
            [28.739214, 61.155715],
            [28.739303, 61.156072],
            [28.739544, 61.157038],
            [28.739609, 61.157296],
            [28.739693, 61.157628],
            [28.739776, 61.157958],
            [28.739857, 61.158278],
            [28.739828, 61.158279],
            [28.739696, 61.158282],
            [28.739117, 61.158294],
            [28.738358, 61.158313],
            [28.737637, 61.158332],
            [28.737044, 61.158348],
            [28.736118, 61.158368],
            [28.735359, 61.158386],
            [28.734093, 61.15842],
            [28.732826, 61.158453],
            [28.731834, 61.158475],
            [28.730886, 61.158507],
            [28.730076, 61.158528],
            [28.729791, 61.15853],
            [28.729138, 61.158544],
            [28.728894, 61.15855],
            [28.729072, 61.159667],
            [28.729961, 61.165858],
            [28.730139, 61.166511],
            [28.730372, 61.167992],
            [28.730482, 61.168695],
            [28.73067, 61.169673],
            [28.730828, 61.170603],
            [28.730995, 61.171691],
            [28.731064, 61.172127],
            [28.731131, 61.172567],
            [28.731155, 61.172705],
            [28.731342, 61.172962],
            [28.731485, 61.173155],
            [28.731531, 61.173213],
            [28.731779, 61.173543],
            [28.731827, 61.173602],
            [28.732172, 61.174034],
            [28.73254, 61.174491],
            [28.733365, 61.175567],
            [28.733493, 61.175709],
            [28.735386, 61.178228],
            [28.734686, 61.178618],
            [28.732684, 61.179748],
            [28.731935, 61.180166],
            [28.730932, 61.180729],
            [28.730707, 61.180859],
            [28.730336, 61.181051],
            [28.730115, 61.181165],
            [28.730036, 61.181207],
            [28.729668, 61.181397],
            [28.729256, 61.181606],
            [28.729134, 61.181668],
            [28.729081, 61.181695],
            [28.727815, 61.182342],
            [28.725736, 61.183481],
            [28.7242, 61.184328],
            [28.722498, 61.185258],
            [28.722111, 61.185466],
            [28.72155, 61.185767],
            [28.721046, 61.186042],
            [28.720612, 61.186155],
            [28.719746, 61.186388],
            [28.719484, 61.186457],
            [28.718948, 61.1866],
            [28.718683, 61.186664],
            [28.720181, 61.187391],
            [28.720593, 61.187598],
            [28.722099, 61.188324],
            [28.724214, 61.189334],
            [28.725214, 61.189806],
            [28.726535, 61.190441],
            [28.727217, 61.190767],
            [28.728722, 61.191475],
            [28.730116, 61.192124],
            [28.726021, 61.193836],
            [28.718278, 61.197145],
            [28.718184, 61.197309],
            [28.717669, 61.198316],
            [28.697153, 61.207769],
            [28.705502, 61.211977],
            [28.69858, 61.213181],
            [28.668571, 61.221327],
            [28.701683, 61.231556],
            [28.694386, 61.235363],
            [28.69031, 61.237495],
            [28.665445, 61.233123],
            [28.639907, 61.228627],
            [28.647488, 61.224391],
            [28.650153, 61.222901],
            [28.650234, 61.222856],
            [28.650773, 61.222567],
            [28.650844, 61.222265],
            [28.651712, 61.218585],
            [28.652203, 61.216265],
            [28.647893, 61.214932],
            [28.642652, 61.213309],
            [28.638249, 61.211973],
            [28.605067, 61.201898],
            [28.607523, 61.198574],
            [28.604467, 61.198319],
            [28.60238, 61.198145],
            [28.602278, 61.198844],
            [28.601994, 61.200797],
            [28.601968, 61.200981],
            [28.598184, 61.199776],
            [28.595789, 61.200821],
            [28.593447, 61.199365],
            [28.591818, 61.199324],
            [28.591187, 61.200024],
            [28.593654, 61.201773],
            [28.572202, 61.211294],
            [28.563352, 61.215218],
            [28.554652, 61.219056],
            [28.543557, 61.223948],
            [28.50437, 61.241393],
            [28.49925, 61.243464],
            [28.495465, 61.244994],
            [28.49311, 61.245948],
            [28.492934, 61.246019],
            [28.485867, 61.24888],
            [28.468913, 61.255664],
            [28.468905, 61.255667],
            [28.441368, 61.266674],
            [28.411207, 61.278714],
            [28.39861, 61.284413],
            [28.397947, 61.284683],
            [28.397361, 61.284429],
            [28.395517, 61.283629],
            [28.384424, 61.27899],
            [28.348037, 61.263756],
            [28.332101, 61.257076],
            [28.309116, 61.247433],
            [28.309083, 61.247389],
            [28.308626, 61.246793],
            [28.308462, 61.246578],
            [28.302202, 61.240576],
            [28.304588, 61.234905],
            [28.314062, 61.212375],
            [28.315696, 61.208485],
            [28.371097, 61.189372],
            [28.391044, 61.182492],
            [28.409195, 61.176202],
            [28.393542, 61.166704],
            [28.393125, 61.166451],
            [28.392377, 61.165998],
            [28.390518, 61.166735],
            [28.390353, 61.166801],
            [28.39009, 61.166905],
            [28.389795, 61.166743],
            [28.369629, 61.155662],
            [28.349716, 61.14471],
            [28.34699, 61.143209],
            [28.342774, 61.140355],
            [28.330291, 61.131898],
            [28.334001, 61.130618],
            [28.33192, 61.129153],
            [28.331155, 61.129407],
            [28.31581, 61.125206],
            [28.315601, 61.125149],
            [28.310999, 61.12386],
            [28.30727, 61.122867],
            [28.307147, 61.122834],
            [28.306212, 61.123877],
            [28.298309, 61.132687],
            [28.296055, 61.132941],
            [28.290218, 61.133599],
            [28.281971, 61.131636],
            [28.276785, 61.131035],
            [28.276287, 61.130981],
            [28.274004, 61.130705],
            [28.271278, 61.130384],
            [28.260403, 61.129116],
            [28.254066, 61.126511],
            [28.250165, 61.124932],
            [28.24931, 61.124333],
            [28.247757, 61.12325],
            [28.244141, 61.120802],
            [28.241893, 61.119935],
            [28.237178, 61.118118],
            [28.236816, 61.118006],
            [28.235616, 61.117531],
            [28.235609, 61.117472],
            [28.235273, 61.114341],
            [28.234854, 61.110433],
            [28.234832, 61.11019],
            [28.234366, 61.110131],
            [28.22994, 61.109561],
            [28.228673, 61.109398],
            [28.228199, 61.109337],
            [28.227651, 61.109266],
            [28.221741, 61.108515],
            [28.22104, 61.108418],
            [28.216558, 61.108061],
            [28.214585, 61.107916],
            [28.213869, 61.107865],
            [28.211055, 61.107661],
            [28.20682, 61.107206],
            [28.205628, 61.106163],
            [28.202169, 61.104572],
            [28.202161, 61.104568],
            [28.201606, 61.104309],
            [28.201264, 61.10415],
            [28.19537, 61.101435],
            [28.195238, 61.101374],
            [28.195039, 61.10156],
            [28.194967, 61.101631],
            [28.193677, 61.10291],
            [28.187492, 61.109039],
            [28.184757, 61.111072],
            [28.183128, 61.116626],
            [28.175985, 61.122779],
            [28.174679, 61.123904],
            [28.173244, 61.125141],
            [28.171406, 61.126722],
            [28.164938, 61.129278],
            [28.15747, 61.132229],
            [28.156826, 61.132483],
            [28.156528, 61.132601],
            [28.13973, 61.130335],
            [28.135167, 61.129719],
            [28.13476, 61.125944],
            [28.136729, 61.124228],
            [28.137067, 61.123934],
            [28.137116, 61.123884],
            [28.14263, 61.118323],
            [28.155585, 61.113586],
            [28.156119, 61.113135],
            [28.15929, 61.110458],
            [28.159426, 61.110343],
            [28.157589, 61.10727],
            [28.157934, 61.10345],
            [28.15904, 61.101601],
            [28.160224, 61.099406],
            [28.162602, 61.094994],
            [28.160056, 61.094009],
            [28.160056, 61.094008],
            [28.191564, 61.074514],
            [28.197609, 61.070792],
            [28.254074, 61.073966],
            [28.267966, 61.083357],
            [28.284616, 61.087655],
            [28.305666, 61.083896],
            [28.314793, 61.086195],
            [28.32045, 61.09268],
            [28.323216, 61.097546],
            [28.330862, 61.095285],
            [28.33352, 61.089709],
            [28.333006, 61.086384],
            [28.335687, 61.083128],
            [28.328616, 61.078968],
            [28.311181, 61.076225],
            [28.327822, 61.063964],
            [28.318373, 61.060892],
            [28.316835, 61.060719],
            [28.314523, 61.060437],
            [28.30157, 61.057877],
            [28.282974, 61.05098],
            [28.269807, 61.045732],
            [28.264449, 61.039987],
            [28.250658, 61.036636],
            [28.240576, 61.036066],
            [28.238748, 61.035311],
            [28.2372, 61.035037],
            [28.236145, 61.034835],
            [28.219098, 61.029935],
            [28.213754, 61.032765],
            [28.208113, 61.035251],
            [28.189206, 61.038595],
            [28.180014, 61.0397],
            [28.17381, 61.039915],
            [28.170598, 61.037154],
            [28.16794, 61.033097],
            [28.166841, 61.030876],
            [28.168062, 61.026129],
            [28.166382, 61.021021],
            [28.158834, 61.017226],
            [28.145315, 61.026128],
            [28.154377, 61.041282],
            [28.119045, 61.035978],
            [28.111467, 61.035249],
            [28.099105, 61.03464],
            [28.084667, 61.032639],
            [28.069989, 61.029592],
            [28.058381, 61.02972],
            [28.027706, 61.04355],
            [28.049671, 61.050933],
            [28.066493, 61.056126],
            [28.087603, 61.070985],
            [28.104047, 61.070742],
            [28.119977, 61.061136],
            [28.13179, 61.06159],
            [28.147453, 61.06606],
            [28.125512, 61.088437],
            [28.128064, 61.096254],
            [28.12495, 61.095474],
            [28.112649, 61.092395],
            [28.111231, 61.09204],
            [28.109052, 61.093352],
            [28.106284, 61.095031],
            [28.10563, 61.095427],
            [28.104592, 61.096058],
            [28.1049, 61.096638],
            [28.106281, 61.099251],
            [28.101921, 61.102079],
            [28.098068, 61.104576],
            [28.097444, 61.104982],
            [28.092792, 61.107462],
            [28.090238, 61.108823],
            [28.090206, 61.108814],
            [28.090172, 61.108806],
            [28.090138, 61.1088],
            [28.090108, 61.108797],
            [28.090071, 61.108798],
            [28.090034, 61.108801],
            [28.089999, 61.108806],
            [28.089982, 61.108809],
            [28.089947, 61.108815],
            [28.089913, 61.108822],
            [28.089878, 61.108833],
            [28.089852, 61.108845],
            [28.089831, 61.10886],
            [28.089817, 61.108877],
            [28.089809, 61.108889],
            [28.089805, 61.108907],
            [28.089807, 61.108925],
            [28.089812, 61.108935],
            [28.089826, 61.108951],
            [28.089003, 61.109094],
            [28.083099, 61.110115],
            [28.069194, 61.112522],
            [28.06905, 61.112547],
            [28.06902, 61.112429],
            [28.067226, 61.105527],
            [28.067114, 61.105564],
            [28.067104, 61.105568],
            [28.067075, 61.105579],
            [28.067067, 61.105581],
            [28.067031, 61.105586],
            [28.067022, 61.105587],
            [28.066986, 61.105588],
            [28.066966, 61.105582],
            [28.066958, 61.105572],
            [28.066967, 61.105558],
            [28.066986, 61.105543],
            [28.067001, 61.105532],
            [28.067019, 61.105516],
            [28.067035, 61.1055],
            [28.06705, 61.105486],
            [28.067085, 61.105454],
            [28.067104, 61.105439],
            [28.067126, 61.105424],
            [28.067141, 61.105415],
            [28.067191, 61.105389],
            [28.066778, 61.103797],
            [28.066529, 61.102362],
            [28.066476, 61.102055],
            [28.066485, 61.102053],
            [28.066516, 61.102044],
            [28.066523, 61.102041],
            [28.066553, 61.102031],
            [28.06658, 61.102019],
            [28.066602, 61.102004],
            [28.066606, 61.102],
            [28.066619, 61.101983],
            [28.066628, 61.101966],
            [28.066631, 61.101958],
            [28.066634, 61.10195],
            [28.066638, 61.101932],
            [28.066637, 61.101914],
            [28.066629, 61.101894],
            [28.066619, 61.101877],
            [28.066609, 61.101868],
            [28.066587, 61.101854],
            [28.066582, 61.101851],
            [28.066552, 61.10184],
            [28.066519, 61.101832],
            [28.066484, 61.101826],
            [28.066473, 61.101824],
            [28.066437, 61.101819],
            [28.066401, 61.101816],
            [28.066364, 61.101814],
            [28.066336, 61.101815],
            [28.066299, 61.101817],
            [28.066263, 61.10182],
            [28.06295, 61.100561],
            [28.06278, 61.100496],
            [28.052423, 61.096258],
            [28.052111, 61.09613],
            [28.051506, 61.095883],
            [28.051134, 61.09573],
            [28.050014, 61.095272],
            [28.051659, 61.087349],
            [28.051998, 61.085714],
            [28.052496, 61.083315],
            [28.052502, 61.083285],
            [28.051754, 61.082975],
            [28.051718, 61.082961],
            [28.045192, 61.080267],
            [28.044774, 61.080095],
            [28.04135, 61.078733],
            [28.034844, 61.075369],
            [28.031886, 61.074187],
            [28.028891, 61.073088],
            [28.024206, 61.071365],
            [28.023638, 61.071156],
            [28.020948, 61.070223],
            [28.019565, 61.069738],
            [28.015561, 61.068318],
            [28.014915, 61.068091],
            [28.014392, 61.067908],
            [28.014018, 61.067781],
            [28.013668, 61.067663],
            [28.013104, 61.06775],
            [28.008953, 61.068391],
            [28.008046, 61.06853],
            [28.008149, 61.06914],
            [28.008621, 61.071938],
            [28.008667, 61.072214],
            [28.008749, 61.072708],
            [28.004755, 61.07259],
            [28.004531, 61.072526],
            [28.004287, 61.072443],
            [28.003954, 61.072329],
            [28.002366, 61.071848],
            [28.002161, 61.071782],
            [28.000654, 61.071299],
            [27.998498, 61.070605],
            [27.996868, 61.068932],
            [27.995892, 61.067925],
            [27.994331, 61.065509],
            [27.991281, 61.06172],
            [27.991112, 61.061523],
            [27.991081, 61.061488],
            [27.990743, 61.061091],
            [27.990094, 61.06061],
            [27.987708, 61.058839],
            [27.987379, 61.058623],
            [27.987325, 61.058548],
            [27.986701, 61.058094],
            [27.983176, 61.055526],
            [27.982464, 61.055034],
            [27.98181, 61.054527],
            [27.980475, 61.05356],
            [27.976971, 61.050991],
            [27.978238, 61.050489],
            [27.981645, 61.050278],
            [27.984329, 61.051214],
            [27.986059, 61.051059],
            [27.987244, 61.049826],
            [27.987313, 61.049705],
            [27.987471, 61.049435],
            [27.987525, 61.049347],
            [27.988308, 61.048011],
            [27.988366, 61.047945],
            [27.9884, 61.047912],
            [27.988437, 61.047881],
            [27.988519, 61.047822],
            [27.988528, 61.047816],
            [27.98866, 61.047728],
            [27.988794, 61.047642],
            [27.988817, 61.047629],
            [27.98883, 61.047621],
            [27.989004, 61.047529],
            [27.989021, 61.04752],
            [27.989119, 61.047467],
            [27.989143, 61.047453],
            [27.989161, 61.047442],
            [27.989251, 61.047384],
            [27.98927, 61.047372],
            [27.989411, 61.047289],
            [27.989417, 61.047285],
            [27.989539, 61.047218],
            [27.989557, 61.047207],
            [27.98965, 61.047152],
            [27.989693, 61.047122],
            [27.989699, 61.047119],
            [27.989738, 61.047088],
            [27.989793, 61.047041],
            [27.989799, 61.047036],
            [27.989895, 61.046973],
            [27.989923, 61.04694],
            [27.989938, 61.046924],
            [27.990005, 61.04686],
            [27.990016, 61.04685],
            [27.990089, 61.046786],
            [27.99019, 61.046711],
            [27.990207, 61.046698],
            [27.990261, 61.046651],
            [27.990278, 61.046635],
            [27.990285, 61.046629],
            [27.990318, 61.046597],
            [27.990332, 61.046583],
            [27.990373, 61.04655],
            [27.990386, 61.04654],
            [27.990407, 61.046525],
            [27.990415, 61.04652],
            [27.990481, 61.046476],
            [27.990498, 61.046464],
            [27.99054, 61.046434],
            [27.990562, 61.046417],
            [27.990618, 61.046371],
            [27.990629, 61.046361],
            [27.990647, 61.046345],
            [27.990667, 61.04633],
            [27.990691, 61.046316],
            [27.990712, 61.046307],
            [27.990743, 61.046297],
            [27.990776, 61.046289],
            [27.990787, 61.046286],
            [27.99082, 61.046279],
            [27.990852, 61.046269],
            [27.990876, 61.046259],
            [27.990863, 61.046157],
            [27.990518, 61.045704],
            [27.990303, 61.045401],
            [27.989292, 61.044076],
            [27.986989, 61.043297],
            [27.985448, 61.043562],
            [27.984649, 61.043692],
            [27.984378, 61.043731],
            [27.984087, 61.043784],
            [27.983596, 61.043858],
            [27.981281, 61.04371],
            [27.98079, 61.043682],
            [27.979924, 61.043634],
            [27.97648, 61.043421],
            [27.97516, 61.043335],
            [27.971671, 61.043108],
            [27.968639, 61.04291],
            [27.967356, 61.042826],
            [27.965865, 61.042486],
            [27.962949, 61.041484],
            [27.959787, 61.040397],
            [27.957612, 61.039651],
            [27.956342, 61.039864],
            [27.952972, 61.040435],
            [27.9496, 61.040994],
            [27.949039, 61.041095],
            [27.948442, 61.041013],
            [27.94517, 61.040552],
            [27.944614, 61.040476],
            [27.944131, 61.040407],
            [27.940959, 61.039965],
            [27.937017, 61.039408],
            [27.936132, 61.039279],
            [27.931606, 61.038646],
            [27.929807, 61.03815],
            [27.933415, 61.036611],
            [27.937125, 61.035113],
            [27.938416, 61.033215],
            [27.940204, 61.030713],
            [27.942324, 61.027674],
            [27.942387, 61.027548],
            [27.942387, 61.027547],
            [27.942137, 61.025224],
            [27.941889, 61.023102],
            [27.941612, 61.020605],
            [27.941554, 61.020077],
            [27.934231, 61.020387],
            [27.928907, 61.024072],
            [27.924428, 61.028626],
            [27.920203, 61.030803],
            [27.918054, 61.030628],
            [27.91405, 61.029511],
            [27.910665, 61.0291],
            [27.904376, 61.028674],
            [27.896472, 61.027069],
            [27.883962, 61.030214],
            [27.876832, 61.028739],
            [27.867101, 61.026609],
            [27.867542, 61.025586],
            [27.866262, 61.025149],
            [27.866882, 61.024446],
            [27.867536, 61.023713],
            [27.869328, 61.021694],
            [27.872888, 61.017702],
            [27.868949, 61.016807],
            [27.863953, 61.015674],
            [27.86118, 61.01503],
            [27.859384, 61.01462],
            [27.857438, 61.012445],
            [27.856458, 61.011352],
            [27.856472, 61.009876],
            [27.856361, 61.004949],
            [27.856315, 61.001839],
            [27.857094, 61.001003],
            [27.858204, 60.999645],
            [27.859754, 60.997856],
            [27.860571, 60.997027],
            [27.860815, 60.996624],
            [27.861038, 60.996383],
            [27.857559, 60.993747],
            [27.870318, 60.993944],
            [27.872228, 60.995265],
            [27.873529, 60.995378],
            [27.874327, 60.995305],
            [27.877228, 60.996225],
            [27.878166, 60.996072],
            [27.878865, 60.996165],
            [27.88036, 60.996548],
            [27.881099, 60.996532],
            [27.883067, 60.996851],
            [27.883593, 60.997249],
            [27.884682, 60.997594],
            [27.885857, 60.999028],
            [27.884863, 61.000757],
            [27.884124, 61.001382],
            [27.884003, 61.003215],
            [27.887009, 61.003823],
            [27.889714, 61.004898],
            [27.896462, 61.00066],
            [27.901192, 61.000855],
            [27.901746, 60.99995],
            [27.90393, 60.996417],
            [27.905915, 60.993363],
            [27.906534, 60.992347],
            [27.907146, 60.99134],
            [27.908213, 60.989587],
            [27.908259, 60.989581],
            [27.906378, 60.986376],
            [27.90619, 60.98607],
            [27.902526, 60.979743],
            [27.902054, 60.978937],
            [27.900646, 60.97647],
            [27.900043, 60.975415],
            [27.897843, 60.971585],
            [27.900907, 60.968945],
            [27.901006, 60.968835],
            [27.902561, 60.9671],
            [27.902633, 60.967021],
            [27.903508, 60.966038],
            [27.90366, 60.965869],
            [27.903184, 60.964964],
            [27.903158, 60.964898],
            [27.901361, 60.961597],
            [27.901138, 60.961159],
            [27.900141, 60.959347],
            [27.899225, 60.957673],
            [27.898926, 60.957102],
            [27.898203, 60.955801],
            [27.898087, 60.955536],
            [27.897775, 60.954564],
            [27.896863, 60.952013],
            [27.896772, 60.951721],
            [27.897535, 60.951623],
            [27.897092, 60.950217],
            [27.896887, 60.949578],
            [27.89606, 60.949616],
            [27.895538, 60.948179],
            [27.895031, 60.946546],
            [27.894954, 60.946306],
            [27.895391, 60.9457],
            [27.896461, 60.943621],
            [27.899155, 60.93911],
            [27.899503, 60.938814],
            [27.900121, 60.938287],
            [27.900878, 60.937595],
            [27.900893, 60.937475],
            [27.900969, 60.937023],
            [27.901047, 60.93635],
            [27.90118, 60.935575],
            [27.901698, 60.932602],
            [27.901727, 60.932395],
            [27.902076, 60.928754],
            [27.902528, 60.927732],
            [27.901666, 60.926535],
            [27.900369, 60.924796],
            [27.899877, 60.924077],
            [27.899771, 60.923922],
            [27.898853, 60.922371],
            [27.897997, 60.921023],
            [27.894887, 60.916674],
            [27.89437, 60.915952],
            [27.893961, 60.914971],
            [27.893382, 60.913589],
            [27.892841, 60.912293],
            [27.891307, 60.908853],
            [27.892882, 60.906567],
            [27.893064, 60.906185],
            [27.89381, 60.904246],
            [27.893862, 60.904138],
            [27.894982, 60.902272],
            [27.895305, 60.90167],
            [27.896737, 60.899219],
            [27.898138, 60.896756],
            [27.898865, 60.895287],
            [27.900438, 60.892439],
            [27.900773, 60.891829],
            [27.900811, 60.891759],
            [27.901028, 60.891175],
            [27.901066, 60.891074],
            [27.903455, 60.890848],
            [27.904123, 60.890609],
            [27.90733, 60.88945],
            [27.910262, 60.888407],
            [27.915294, 60.886615],
            [27.915402, 60.886577],
            [27.917686, 60.886257],
            [27.921057, 60.885784],
            [27.928887, 60.884624],
            [27.929758, 60.884491],
            [27.931957, 60.884159],
            [27.931283, 60.879693],
            [27.933172, 60.87933],
            [27.933244, 60.879316],
            [27.933227, 60.879214],
            [27.932715, 60.878005],
            [27.931783, 60.875797],
            [27.931223, 60.875229],
            [27.93021, 60.874173],
            [27.927662, 60.871666],
            [27.927124, 60.870999],
            [27.925985, 60.869817],
            [27.925376, 60.869191],
            [27.920417, 60.865464],
            [27.914344, 60.860476],
            [27.912733, 60.859204],
            [27.911585, 60.857985],
            [27.904339, 60.855776],
            [27.90534, 60.853242],
            [27.904564, 60.850133],
            [27.901109, 60.847785],
            [27.896297, 60.847931],
            [27.895167, 60.847425],
            [27.894594, 60.847464],
            [27.893518, 60.847535],
            [27.893265, 60.847906],
            [27.893905, 60.848305],
            [27.894781, 60.848847],
            [27.890583, 60.850752],
            [27.890541, 60.850771],
            [27.890527, 60.850834],
            [27.890389, 60.850808],
            [27.890376, 60.850806],
            [27.890343, 60.8508],
            [27.890329, 60.850797],
            [27.890297, 60.850789],
            [27.890264, 60.850781],
            [27.890194, 60.850763],
            [27.890173, 60.850758],
            [27.890148, 60.850752],
            [27.890133, 60.850748],
            [27.89016, 60.850759],
            [27.890169, 60.850763],
            [27.890196, 60.850775],
            [27.890203, 60.850778],
            [27.890223, 60.850788],
            [27.890243, 60.8508],
            [27.890247, 60.850804],
            [27.890262, 60.850816],
            [27.890273, 60.850832],
            [27.890277, 60.850843],
            [27.890278, 60.85086],
            [27.890278, 60.850869],
            [27.890278, 60.850887],
            [27.890279, 60.850899],
            [27.890281, 60.850935],
            [27.890281, 60.850939],
            [27.890278, 60.850955],
            [27.890272, 60.850973],
            [27.890263, 60.850991],
            [27.890257, 60.851001],
            [27.890245, 60.851017],
            [27.890229, 60.851035],
            [27.890214, 60.851051],
            [27.890197, 60.851067],
            [27.890181, 60.85108],
            [27.890161, 60.851094],
            [27.890144, 60.851104],
            [27.890117, 60.851117],
            [27.890092, 60.851125],
            [27.890029, 60.851143],
            [27.890022, 60.851145],
            [27.889991, 60.851155],
            [27.889966, 60.851163],
            [27.889874, 60.851192],
            [27.889862, 60.851196],
            [27.889801, 60.851216],
            [27.889777, 60.851224],
            [27.889746, 60.851234],
            [27.889737, 60.851236],
            [27.889705, 60.851245],
            [27.889698, 60.851247],
            [27.889568, 60.85128],
            [27.889549, 60.851285],
            [27.889453, 60.851313],
            [27.889391, 60.851333],
            [27.889366, 60.85134],
            [27.889209, 60.851387],
            [27.889178, 60.851397],
            [27.889172, 60.851398],
            [27.889143, 60.851409],
            [27.889113, 60.85142],
            [27.889085, 60.851431],
            [27.889058, 60.851443],
            [27.889032, 60.851456],
            [27.889007, 60.851469],
            [27.888985, 60.851483],
            [27.888964, 60.851498],
            [27.888945, 60.851514],
            [27.888927, 60.851529],
            [27.888911, 60.851546],
            [27.888897, 60.851562],
            [27.888884, 60.851578],
            [27.88886, 60.851612],
            [27.888823, 60.851682],
            [27.888815, 60.851698],
            [27.88881, 60.851713],
            [27.888799, 60.851747],
            [27.888778, 60.851854],
            [27.888754, 60.851946],
            [27.888291, 60.853751],
            [27.888116, 60.854406],
            [27.887471, 60.856847],
            [27.887297, 60.857505],
            [27.886779, 60.85947],
            [27.886666, 60.859911],
            [27.886606, 60.860125],
            [27.886472, 60.860594],
            [27.886335, 60.861168],
            [27.886146, 60.861932],
            [27.886092, 60.862163],
            [27.886088, 60.862179],
            [27.886065, 60.86225],
            [27.886057, 60.862269],
            [27.88604, 60.862304],
            [27.886019, 60.862339],
            [27.886006, 60.862358],
            [27.885951, 60.862424],
            [27.885862, 60.862523],
            [27.885856, 60.862529],
            [27.8858, 60.862595],
            [27.885785, 60.862612],
            [27.885769, 60.862628],
            [27.885758, 60.862637],
            [27.885739, 60.862653],
            [27.885635, 60.86273],
            [27.885616, 60.862745],
            [27.885599, 60.862761],
            [27.885584, 60.862777],
            [27.885571, 60.862794],
            [27.88556, 60.862811],
            [27.885541, 60.862846],
            [27.885535, 60.862856],
            [27.885, 60.863396],
            [27.884653, 60.864309],
            [27.883477, 60.865218],
            [27.883447, 60.86535],
            [27.886875, 60.866965],
            [27.901199, 60.873707],
            [27.899731, 60.875543],
            [27.898118, 60.879214],
            [27.897818, 60.879898],
            [27.89772, 60.880117],
            [27.895339, 60.885491],
            [27.894726, 60.886879],
            [27.892399, 60.885073],
            [27.890412, 60.883535],
            [27.889506, 60.882837],
            [27.888784, 60.882278],
            [27.887705, 60.881441],
            [27.88761, 60.881367],
            [27.886898, 60.880815],
            [27.885434, 60.879687],
            [27.884187, 60.878722],
            [27.883398, 60.878113],
            [27.871708, 60.875321],
            [27.867764, 60.871713],
            [27.863794, 60.868049],
            [27.863675, 60.867941],
            [27.860105, 60.864684],
            [27.854959, 60.860017],
            [27.857434, 60.858283],
            [27.85768, 60.858548],
            [27.861756, 60.856356],
            [27.862338, 60.856038],
            [27.86457, 60.854817],
            [27.863783, 60.854655],
            [27.86777, 60.852724],
            [27.87025, 60.851507],
            [27.872234, 60.850534],
            [27.876182, 60.848597],
            [27.8708, 60.846159],
            [27.870625, 60.846106],
            [27.866484, 60.844226],
            [27.864239, 60.843233],
            [27.859832, 60.841267],
            [27.856529, 60.839794],
            [27.853677, 60.838524],
            [27.853216, 60.838309],
            [27.849657, 60.836695],
            [27.847675, 60.835812],
            [27.846843, 60.835425],
            [27.842725, 60.832913],
            [27.841678, 60.832293],
            [27.8394, 60.830887],
            [27.836851, 60.829302],
            [27.840389, 60.827444],
            [27.841365, 60.826953],
            [27.845567, 60.82472],
            [27.840033, 60.824189],
            [27.838217, 60.82402],
            [27.834484, 60.823675],
            [27.830469, 60.823298],
            [27.829673, 60.823221],
            [27.826954, 60.822996],
            [27.825086, 60.822842],
            [27.823964, 60.82273],
            [27.815519, 60.82189],
            [27.81202, 60.821846],
            [27.810467, 60.822437],
            [27.808694, 60.823115],
            [27.807768, 60.823132],
            [27.805576, 60.823163],
            [27.803556, 60.823229],
            [27.795431, 60.823422],
            [27.792894, 60.82348],
            [27.790092, 60.823541],
            [27.789664, 60.823552],
            [27.786971, 60.82361],
            [27.783351, 60.823697],
            [27.781693, 60.82373],
            [27.773509, 60.823922],
            [27.771599, 60.823963],
            [27.766745, 60.824076],
            [27.760769, 60.824213],
            [27.759983, 60.825544],
            [27.76068, 60.82608],
            [27.760754, 60.826137],
            [27.765072, 60.829463],
            [27.765562, 60.830427],
            [27.766033, 60.831347],
            [27.76675, 60.832745],
            [27.767038, 60.833308],
            [27.766842, 60.833733],
            [27.755407, 60.832695],
            [27.75472, 60.832628],
            [27.750847, 60.832279],
            [27.744809, 60.831722],
            [27.74473, 60.831715],
            [27.743696, 60.831629],
            [27.746367, 60.829398],
            [27.746469, 60.829312],
            [27.746453, 60.829133],
            [27.746236, 60.826771],
            [27.746003, 60.823634],
            [27.745922, 60.821823],
            [27.745773, 60.819758],
            [27.745774, 60.819715],
            [27.750743, 60.816254],
            [27.748331, 60.816309],
            [27.73186, 60.816544],
            [27.731244, 60.816572],
            [27.727367, 60.816655],
            [27.724817, 60.816705],
            [27.724791, 60.81671],
            [27.724758, 60.816718],
            [27.724736, 60.816723],
            [27.724701, 60.816731],
            [27.724681, 60.816737],
            [27.724654, 60.816746],
            [27.72462, 60.816757],
            [27.724586, 60.816768],
            [27.724547, 60.81678],
            [27.724505, 60.816794],
            [27.724474, 60.816803],
            [27.724468, 60.816805],
            [27.724447, 60.816811],
            [27.724418, 60.816819],
            [27.724384, 60.816827],
            [27.72435, 60.816834],
            [27.724314, 60.816838],
            [27.724278, 60.816841],
            [27.724241, 60.816843],
            [27.724131, 60.816847],
            [27.724102, 60.816849],
            [27.724066, 60.816853],
            [27.724031, 60.816859],
            [27.724003, 60.816864],
            [27.723969, 60.816871],
            [27.723935, 60.816878],
            [27.723908, 60.816885],
            [27.723813, 60.816912],
            [27.723786, 60.81692],
            [27.723754, 60.816929],
            [27.723722, 60.816937],
            [27.723688, 60.816945],
            [27.723658, 60.81695],
            [27.723622, 60.816954],
            [27.723586, 60.816957],
            [27.723549, 60.816958],
            [27.723528, 60.816957],
            [27.723491, 60.816956],
            [27.723455, 60.816953],
            [27.723419, 60.816949],
            [27.723398, 60.816946],
            [27.723327, 60.816936],
            [27.723224, 60.816918],
            [27.722985, 60.81687],
            [27.722957, 60.816865],
            [27.722852, 60.816846],
            [27.722782, 60.816834],
            [27.722756, 60.81683],
            [27.722687, 60.816819],
            [27.72267, 60.816817],
            [27.722564, 60.816802],
            [27.722545, 60.8168],
            [27.722437, 60.816789],
            [27.722401, 60.816786],
            [27.722374, 60.816784],
            [27.722264, 60.816778],
            [27.722154, 60.816774],
            [27.722118, 60.816774],
            [27.72211, 60.816773],
            [27.722, 60.816773],
            [27.721966, 60.816773],
            [27.721896, 60.816773],
            [27.721862, 60.816773],
            [27.721845, 60.816773],
            [27.721809, 60.816771],
            [27.721779, 60.81677],
            [27.721744, 60.816769],
            [27.721717, 60.81677],
            [27.721683, 60.816774],
            [27.721658, 60.81678],
            [27.72163, 60.816792],
            [27.721606, 60.816805],
            [27.721585, 60.81682],
            [27.721572, 60.816831],
            [27.721556, 60.816847],
            [27.721541, 60.816863],
            [27.721533, 60.816875],
            [27.721524, 60.816892],
            [27.721517, 60.81691],
            [27.721512, 60.816928],
            [27.721509, 60.816945],
            [27.721502, 60.816999],
            [27.721501, 60.817013],
            [27.721493, 60.817048],
            [27.721476, 60.817102],
            [27.721472, 60.817111],
            [27.721447, 60.817181],
            [27.721439, 60.817199],
            [27.721434, 60.817208],
            [27.721415, 60.817243],
            [27.721392, 60.817277],
            [27.721352, 60.817327],
            [27.721341, 60.81734],
            [27.721295, 60.817389],
            [27.721262, 60.817421],
            [27.721225, 60.817452],
            [27.72121, 60.817463],
            [27.721169, 60.817493],
            [27.721078, 60.817549],
            [27.721054, 60.817563],
            [27.72105, 60.817566],
            [27.720951, 60.817619],
            [27.7209, 60.817645],
            [27.720873, 60.817657],
            [27.720868, 60.817659],
            [27.720812, 60.817682],
            [27.720724, 60.817715],
            [27.720664, 60.817735],
            [27.720655, 60.817738],
            [27.720436, 60.817804],
            [27.720427, 60.817806],
            [27.720071, 60.8179],
            [27.720051, 60.817905],
            [27.71981, 60.817869],
            [27.719703, 60.817866],
            [27.717376, 60.817506],
            [27.717488, 60.817258],
            [27.717584, 60.817055],
            [27.718075, 60.815988],
            [27.71811, 60.815907],
            [27.718376, 60.81531],
            [27.718418, 60.815215],
            [27.7185, 60.815031],
            [27.718602, 60.814803],
            [27.71868, 60.814354],
            [27.718704, 60.81422],
            [27.718761, 60.813891],
            [27.718796, 60.813077],
            [27.718809, 60.812979],
            [27.71894, 60.811944],
            [27.718906, 60.810593],
            [27.718886, 60.809876],
            [27.718881, 60.809161],
            [27.718884, 60.809104],
            [27.718885, 60.803684],
            [27.718885, 60.802867],
            [27.718883, 60.80079],
            [27.719509, 60.800865],
            [27.720021, 60.800689],
            [27.720192, 60.800601],
            [27.72063, 60.800214],
            [27.721362, 60.799807],
            [27.72123, 60.79957],
            [27.721183, 60.799485],
            [27.721139, 60.799405],
            [27.721093, 60.79942],
            [27.72094, 60.79947],
            [27.720927, 60.799474],
            [27.720625, 60.799577],
            [27.720613, 60.799581],
            [27.72014, 60.799751],
            [27.72013, 60.799755],
            [27.7196, 60.799948],
            [27.719589, 60.799952],
            [27.719345, 60.800033],
            [27.719322, 60.80004],
            [27.719071, 60.800115],
            [27.719047, 60.800122],
            [27.718661, 60.800226],
            [27.718642, 60.800231],
            [27.718573, 60.800143],
            [27.718093, 60.799532],
            [27.717979, 60.79938],
            [27.715739, 60.796376],
            [27.715505, 60.796244],
            [27.713881, 60.795326],
            [27.713588, 60.794876],
            [27.713798, 60.794843],
            [27.713815, 60.794841],
            [27.713955, 60.79482],
            [27.71399, 60.794814],
            [27.714018, 60.794809],
            [27.714086, 60.794795],
            [27.714119, 60.794788],
            [27.714152, 60.79478],
            [27.714167, 60.794776],
            [27.714293, 60.794739],
            [27.714306, 60.794734],
            [27.714403, 60.794706],
            [27.714433, 60.794696],
            [27.71449, 60.794673],
            [27.714512, 60.794664],
            [27.714627, 60.794619],
            [27.714642, 60.794612],
            [27.714861, 60.794516],
            [27.714872, 60.794511],
            [27.715083, 60.794411],
            [27.715098, 60.794404],
            [27.715148, 60.794378],
            [27.71516, 60.794371],
            [27.715183, 60.794357],
            [27.715204, 60.794342],
            [27.715225, 60.794326],
            [27.715263, 60.794295],
            [27.715279, 60.794282],
            [27.715316, 60.794248],
            [27.715331, 60.794232],
            [27.715345, 60.794215],
            [27.715349, 60.79421],
            [27.715361, 60.794193],
            [27.715367, 60.794182],
            [27.715376, 60.794165],
            [27.715384, 60.794149],
            [27.715433, 60.794008],
            [27.715436, 60.794],
            [27.715451, 60.793962],
            [27.715469, 60.793927],
            [27.715474, 60.793919],
            [27.715497, 60.793884],
            [27.71551, 60.793867],
            [27.715523, 60.79385],
            [27.715526, 60.793846],
            [27.715542, 60.79383],
            [27.715559, 60.793814],
            [27.715573, 60.793803],
            [27.715594, 60.793788],
            [27.715609, 60.793778],
            [27.715654, 60.79375],
            [27.715658, 60.793748],
            [27.715681, 60.793734],
            [27.715703, 60.79372],
            [27.715746, 60.793691],
            [27.715766, 60.793676],
            [27.715769, 60.793674],
            [27.715829, 60.793627],
            [27.716002, 60.793488],
            [27.716021, 60.793473],
            [27.716032, 60.793465],
            [27.716049, 60.793449],
            [27.716062, 60.793437],
            [27.716093, 60.793408],
            [27.715436, 60.793422],
            [27.715203, 60.793511],
            [27.714646, 60.793723],
            [27.713556, 60.794812],
            [27.711089, 60.790975],
            [27.710424, 60.789941],
            [27.711232, 60.78866],
            [27.71718, 60.779229],
            [27.7193, 60.775868],
            [27.724709, 60.767292],
            [27.724815, 60.766916],
            [27.726702, 60.764122],
            [27.727536, 60.762789],
            [27.729899, 60.762221],
            [27.730667, 60.762037],
            [27.731695, 60.761832],
            [27.732411, 60.761687],
            [27.738976, 60.760244],
            [27.743488, 60.759245],
            [27.743744, 60.75919],
            [27.744034, 60.759127],
            [27.7447, 60.758981],
            [27.74505, 60.758911],
            [27.750775, 60.757691],
            [27.751337, 60.757574],
            [27.764552, 60.758349],
            [27.764626, 60.758354],
            [27.765699, 60.758421],
            [27.766127, 60.758447],
            [27.766724, 60.758487],
            [27.77007, 60.758687],
            [27.770301, 60.758703],
            [27.770582, 60.758719],
            [27.773268, 60.75889],
            [27.773993, 60.759287],
            [27.774309, 60.759457],
            [27.774502, 60.759565],
            [27.774847, 60.75972],
            [27.77586, 60.760252],
            [27.777299, 60.761058],
            [27.77847, 60.76166],
            [27.779366, 60.76213],
            [27.784537, 60.764845],
            [27.787351, 60.766319],
            [27.789537, 60.767468],
            [27.791185, 60.768363],
            [27.791827, 60.768679],
            [27.791948, 60.768738],
            [27.79204, 60.768746],
            [27.792148, 60.768757],
            [27.792175, 60.76876],
            [27.792246, 60.768769],
            [27.79228, 60.768774],
            [27.792306, 60.768779],
            [27.79234, 60.768786],
            [27.792373, 60.768794],
            [27.792405, 60.768803],
            [27.792436, 60.768813],
            [27.792467, 60.768823],
            [27.792496, 60.768834],
            [27.792523, 60.768846],
            [27.79255, 60.768858],
            [27.792574, 60.768872],
            [27.792596, 60.768887],
            [27.792615, 60.768902],
            [27.792631, 60.768919],
            [27.792645, 60.768935],
            [27.792669, 60.768969],
            [27.792671, 60.768972],
            [27.792705, 60.769023],
            [27.792717, 60.76904],
            [27.792731, 60.769057],
            [27.792733, 60.76906],
            [27.792748, 60.769076],
            [27.792764, 60.769092],
            [27.792782, 60.769108],
            [27.792801, 60.769123],
            [27.792814, 60.769133],
            [27.792834, 60.769148],
            [27.792856, 60.769162],
            [27.792879, 60.769176],
            [27.792904, 60.769189],
            [27.79292, 60.769198],
            [27.792948, 60.76921],
            [27.792976, 60.769221],
            [27.793006, 60.769232],
            [27.793036, 60.769242],
            [27.793048, 60.769246],
            [27.79311, 60.769265],
            [27.793142, 60.769273],
            [27.793175, 60.769281],
            [27.793188, 60.769284],
            [27.793222, 60.769291],
            [27.793257, 60.769297],
            [27.793293, 60.769299],
            [27.7933, 60.7693],
            [27.793337, 60.769298],
            [27.793372, 60.769293],
            [27.793404, 60.769284],
            [27.793411, 60.769281],
            [27.793437, 60.769268],
            [27.793456, 60.769253],
            [27.79347, 60.769237],
            [27.793483, 60.76922],
            [27.793489, 60.769209],
            [27.793539, 60.769132],
            [27.793593, 60.769046],
            [27.793601, 60.769034],
            [27.793635, 60.768983],
            [27.793649, 60.768966],
            [27.793667, 60.76895],
            [27.793681, 60.768939],
            [27.793704, 60.768925],
            [27.793731, 60.768913],
            [27.793751, 60.768907],
            [27.793784, 60.768899],
            [27.79382, 60.768895],
            [27.793844, 60.768896],
            [27.793879, 60.768901],
            [27.793911, 60.76891],
            [27.793939, 60.768921],
            [27.793965, 60.768934],
            [27.794015, 60.76896],
            [27.794039, 60.768973],
            [27.794061, 60.768986],
            [27.794133, 60.769027],
            [27.794146, 60.769034],
            [27.794172, 60.769047],
            [27.794199, 60.769058],
            [27.79423, 60.769068],
            [27.794248, 60.769072],
            [27.794283, 60.769077],
            [27.79432, 60.769078],
            [27.794356, 60.769077],
            [27.794375, 60.769075],
            [27.79441, 60.769069],
            [27.794441, 60.76906],
            [27.794468, 60.769048],
            [27.79448, 60.76904],
            [27.794494, 60.769023],
            [27.794499, 60.769005],
            [27.794499, 60.768992],
            [27.794495, 60.768974],
            [27.794488, 60.768957],
            [27.79448, 60.768944],
            [27.794468, 60.768927],
            [27.794453, 60.768911],
            [27.794435, 60.768895],
            [27.794379, 60.768849],
            [27.794367, 60.76884],
            [27.794252, 60.768748],
            [27.79424, 60.768738],
            [27.794145, 60.768662],
            [27.794131, 60.768649],
            [27.794078, 60.768602],
            [27.794062, 60.768586],
            [27.794047, 60.768569],
            [27.794037, 60.768556],
            [27.794025, 60.768539],
            [27.794016, 60.768521],
            [27.794008, 60.768504],
            [27.794003, 60.768486],
            [27.793998, 60.768468],
            [27.793996, 60.768454],
            [27.793994, 60.768436],
            [27.793994, 60.768418],
            [27.793997, 60.768382],
            [27.794, 60.768364],
            [27.794003, 60.76835],
            [27.794023, 60.768279],
            [27.794094, 60.768121],
            [27.794121, 60.768069],
            [27.794123, 60.768065],
            [27.794238, 60.767857],
            [27.794243, 60.767847],
            [27.794275, 60.767795],
            [27.794287, 60.767778],
            [27.794302, 60.767762],
            [27.794319, 60.767746],
            [27.794327, 60.767739],
            [27.794347, 60.767724],
            [27.794369, 60.76771],
            [27.794418, 60.767683],
            [27.794427, 60.767678],
            [27.794451, 60.767665],
            [27.794477, 60.767652],
            [27.794486, 60.767648],
            [27.794516, 60.767638],
            [27.794548, 60.767629],
            [27.794564, 60.767625],
            [27.794598, 60.767619],
            [27.794634, 60.767614],
            [27.794669, 60.767611],
            [27.794706, 60.767609],
            [27.794729, 60.767607],
            [27.794766, 60.767606],
            [27.794803, 60.767605],
            [27.794839, 60.767605],
            [27.794876, 60.767606],
            [27.794887, 60.767606],
            [27.794923, 60.767608],
            [27.795177, 60.767629],
            [27.795213, 60.767631],
            [27.795233, 60.767632],
            [27.795269, 60.767633],
            [27.795306, 60.767634],
            [27.795453, 60.76763],
            [27.795472, 60.76763],
            [27.795691, 60.76762],
            [27.79571, 60.767619],
            [27.796001, 60.767601],
            [27.796074, 60.767596],
            [27.796081, 60.767595],
            [27.796264, 60.767578],
            [27.796372, 60.767566],
            [27.796407, 60.767561],
            [27.796445, 60.767555],
            [27.796614, 60.76752],
            [27.796649, 60.767514],
            [27.796684, 60.767509],
            [27.79672, 60.767506],
            [27.796746, 60.767504],
            [27.796786, 60.767504],
            [27.796819, 60.767505],
            [27.796855, 60.767509],
            [27.796865, 60.767511],
            [27.796899, 60.767517],
            [27.796919, 60.767521],
            [27.796952, 60.767529],
            [27.796983, 60.767539],
            [27.797005, 60.767547],
            [27.797031, 60.767559],
            [27.797055, 60.767572],
            [27.797066, 60.767579],
            [27.797111, 60.767607],
            [27.797131, 60.767622],
            [27.79715, 60.767638],
            [27.797165, 60.767654],
            [27.797171, 60.767662],
            [27.79718, 60.767679],
            [27.797186, 60.767697],
            [27.797188, 60.767715],
            [27.797188, 60.767733],
            [27.797186, 60.767751],
            [27.797168, 60.76784],
            [27.797166, 60.767858],
            [27.797166, 60.767863],
            [27.797167, 60.767881],
            [27.797169, 60.767899],
            [27.797174, 60.767917],
            [27.79718, 60.767934],
            [27.797187, 60.767952],
            [27.797193, 60.767963],
            [27.797202, 60.76798],
            [27.797213, 60.767997],
            [27.797225, 60.768014],
            [27.797239, 60.768031],
            [27.797254, 60.768047],
            [27.797265, 60.768058],
            [27.797284, 60.768073],
            [27.797305, 60.768088],
            [27.797327, 60.768102],
            [27.797352, 60.768116],
            [27.797356, 60.768118],
            [27.797383, 60.76813],
            [27.797411, 60.768142],
            [27.797441, 60.768152],
            [27.797473, 60.768161],
            [27.79748, 60.768162],
            [27.797514, 60.768168],
            [27.79755, 60.768172],
            [27.797586, 60.768175],
            [27.797623, 60.768176],
            [27.797659, 60.768176],
            [27.797696, 60.768175],
            [27.797732, 60.768174],
            [27.797805, 60.768171],
            [27.797842, 60.768169],
            [27.797878, 60.768166],
            [27.797914, 60.768162],
            [27.797949, 60.768158],
            [27.797982, 60.768152],
            [27.798016, 60.768146],
            [27.798049, 60.768138],
            [27.798113, 60.76812],
            [27.798147, 60.76811],
            [27.798272, 60.768073],
            [27.798306, 60.768064],
            [27.798405, 60.76804],
            [27.798674, 60.767982],
            [27.79874, 60.767966],
            [27.798752, 60.767963],
            [27.798815, 60.767945],
            [27.798875, 60.767925],
            [27.798936, 60.767903],
            [27.798992, 60.76788],
            [27.799019, 60.767868],
            [27.799038, 60.767858],
            [27.799061, 60.767844],
            [27.799082, 60.76783],
            [27.7991, 60.767814],
            [27.799117, 60.767797],
            [27.799131, 60.767781],
            [27.799143, 60.767764],
            [27.799152, 60.767746],
            [27.799159, 60.767728],
            [27.799163, 60.76771],
            [27.799165, 60.767692],
            [27.799165, 60.767657],
            [27.799165, 60.76765],
            [27.799174, 60.767489],
            [27.799175, 60.767474],
            [27.799188, 60.767313],
            [27.799194, 60.767277],
            [27.799196, 60.767264],
            [27.799201, 60.767246],
            [27.799206, 60.767228],
            [27.799214, 60.767211],
            [27.799218, 60.767203],
            [27.799229, 60.767186],
            [27.799244, 60.767169],
            [27.799265, 60.767155],
            [27.799279, 60.767149],
            [27.799311, 60.76714],
            [27.799347, 60.767136],
            [27.799384, 60.767136],
            [27.79942, 60.767137],
            [27.799442, 60.767139],
            [27.799478, 60.767143],
            [27.799513, 60.767149],
            [27.799546, 60.767156],
            [27.799579, 60.767165],
            [27.799595, 60.767169],
            [27.799625, 60.767179],
            [27.799684, 60.767201],
            [27.799883, 60.76728],
            [27.799913, 60.767291],
            [27.799927, 60.767295],
            [27.799959, 60.767305],
            [27.799991, 60.767313],
            [27.800024, 60.767321],
            [27.800044, 60.767325],
            [27.800079, 60.76733],
            [27.800115, 60.767334],
            [27.800151, 60.767336],
            [27.800173, 60.767336],
            [27.800209, 60.767336],
            [27.800245, 60.767333],
            [27.800284, 60.767329],
            [27.80032, 60.767325],
            [27.800355, 60.767319],
            [27.80039, 60.767311],
            [27.80042, 60.7673],
            [27.800444, 60.767287],
            [27.800457, 60.767277],
            [27.80047, 60.76726],
            [27.800474, 60.767242],
            [27.800472, 60.76723],
            [27.800462, 60.767213],
            [27.800446, 60.767197],
            [27.800427, 60.767181],
            [27.800406, 60.767166],
            [27.800384, 60.767152],
            [27.800361, 60.767139],
            [27.800335, 60.767126],
            [27.800307, 60.767115],
            [27.80019, 60.767071],
            [27.800171, 60.767063],
            [27.800145, 60.767051],
            [27.800121, 60.767037],
            [27.800106, 60.767027],
            [27.800088, 60.767012],
            [27.800074, 60.766995],
            [27.800068, 60.766983],
            [27.800066, 60.766965],
            [27.80007, 60.766947],
            [27.800079, 60.76693],
            [27.80009, 60.766913],
            [27.800092, 60.76691],
            [27.800105, 60.766893],
            [27.80012, 60.766876],
            [27.800137, 60.766861],
            [27.800158, 60.766846],
            [27.800161, 60.766843],
            [27.800186, 60.76683],
            [27.800214, 60.766818],
            [27.800245, 60.766807],
            [27.800277, 60.766798],
            [27.80031, 60.766791],
            [27.800347, 60.766785],
            [27.800384, 60.766783],
            [27.80042, 60.766782],
            [27.800457, 60.766783],
            [27.80053, 60.766788],
            [27.800563, 60.766791],
            [27.800743, 60.766809],
            [27.800774, 60.766812],
            [27.800917, 60.76683],
            [27.800987, 60.76684],
            [27.801056, 60.766852],
            [27.80109, 60.766859],
            [27.801123, 60.766866],
            [27.801156, 60.766873],
            [27.801188, 60.766882],
            [27.801219, 60.766891],
            [27.801241, 60.766899],
            [27.801269, 60.76691],
            [27.801295, 60.766923],
            [27.801318, 60.766937],
            [27.801332, 60.766949],
            [27.801346, 60.766966],
            [27.801355, 60.766983],
            [27.801361, 60.767001],
            [27.801362, 60.767008],
            [27.801366, 60.767026],
            [27.801369, 60.767062],
            [27.801369, 60.767069],
            [27.801371, 60.767142],
            [27.801373, 60.767177],
            [27.801377, 60.767195],
            [27.801384, 60.767214],
            [27.801394, 60.767231],
            [27.801408, 60.767248],
            [27.801425, 60.767264],
            [27.801433, 60.767271],
            [27.801451, 60.767287],
            [27.801472, 60.767301],
            [27.801495, 60.767315],
            [27.801507, 60.767322],
            [27.801533, 60.767334],
            [27.801563, 60.767345],
            [27.801594, 60.767354],
            [27.801615, 60.76736],
            [27.801649, 60.767366],
            [27.801684, 60.767372],
            [27.801721, 60.767374],
            [27.801746, 60.767374],
            [27.801782, 60.767372],
            [27.801818, 60.767367],
            [27.801852, 60.767361],
            [27.801885, 60.767353],
            [27.801917, 60.767345],
            [27.801948, 60.767335],
            [27.801977, 60.767324],
            [27.802003, 60.767311],
            [27.802028, 60.767298],
            [27.802054, 60.767284],
            [27.802143, 60.767226],
            [27.802217, 60.767175],
            [27.802261, 60.767147],
            [27.802286, 60.767134],
            [27.802298, 60.767128],
            [27.802327, 60.767117],
            [27.802358, 60.767108],
            [27.802376, 60.767104],
            [27.802411, 60.767099],
            [27.802447, 60.767096],
            [27.802466, 60.767095],
            [27.802503, 60.767096],
            [27.802539, 60.767098],
            [27.802574, 60.767104],
            [27.802605, 60.767115],
            [27.802628, 60.767128],
            [27.802644, 60.767145],
            [27.802651, 60.767157],
            [27.802659, 60.767174],
            [27.802663, 60.767192],
            [27.802664, 60.767204],
            [27.802664, 60.767222],
            [27.80266, 60.767258],
            [27.80263, 60.767383],
            [27.802627, 60.767396],
            [27.802624, 60.767414],
            [27.802623, 60.767432],
            [27.802626, 60.76745],
            [27.802632, 60.767468],
            [27.802644, 60.767485],
            [27.802663, 60.7675],
            [27.80269, 60.767512],
            [27.802722, 60.767521],
            [27.802755, 60.767527],
            [27.80279, 60.767533],
            [27.802825, 60.767537],
            [27.802858, 60.767539],
            [27.802895, 60.767541],
            [27.802932, 60.76754],
            [27.802972, 60.767537],
            [27.803007, 60.767531],
            [27.803039, 60.767522],
            [27.803072, 60.76751],
            [27.803097, 60.767497],
            [27.803121, 60.767483],
            [27.803141, 60.767468],
            [27.803194, 60.767421],
            [27.803197, 60.767418],
            [27.803272, 60.767357],
            [27.803314, 60.767324],
            [27.803399, 60.767266],
            [27.803421, 60.767252],
            [27.803443, 60.767238],
            [27.80349, 60.76721],
            [27.803515, 60.767197],
            [27.803541, 60.767184],
            [27.803568, 60.767172],
            [27.803595, 60.767161],
            [27.803625, 60.76715],
            [27.803655, 60.76714],
            [27.803718, 60.767121],
            [27.803748, 60.767113],
            [27.803813, 60.767096],
            [27.803846, 60.767088],
            [27.803881, 60.767083],
            [27.803916, 60.767079],
            [27.803953, 60.767078],
            [27.803989, 60.76708],
            [27.804023, 60.767087],
            [27.804031, 60.767089],
            [27.804058, 60.767101],
            [27.804078, 60.767116],
            [27.804093, 60.767132],
            [27.804096, 60.767136],
            [27.804106, 60.767154],
            [27.804113, 60.767171],
            [27.804117, 60.767189],
            [27.804119, 60.767207],
            [27.804119, 60.767225],
            [27.804117, 60.767243],
            [27.804093, 60.76735],
            [27.80409, 60.767368],
            [27.804089, 60.767383],
            [27.804091, 60.767401],
            [27.804095, 60.767419],
            [27.804102, 60.767436],
            [27.804108, 60.767447],
            [27.804119, 60.767464],
            [27.804135, 60.76748],
            [27.804155, 60.767495],
            [27.804171, 60.767503],
            [27.804201, 60.767514],
            [27.804233, 60.767522],
            [27.804264, 60.767527],
            [27.804299, 60.767531],
            [27.804336, 60.767534],
            [27.804368, 60.767534],
            [27.804404, 60.767531],
            [27.804439, 60.767525],
            [27.804472, 60.767517],
            [27.804489, 60.767512],
            [27.804518, 60.767502],
            [27.804545, 60.767489],
            [27.804568, 60.767475],
            [27.804579, 60.767468],
            [27.804596, 60.767452],
            [27.804609, 60.767435],
            [27.80463, 60.767401],
            [27.804633, 60.767396],
            [27.804668, 60.767327],
            [27.80467, 60.767323],
            [27.804721, 60.767181],
            [27.804729, 60.767164],
            [27.804736, 60.76715],
            [27.804747, 60.767133],
            [27.804759, 60.767116],
            [27.804772, 60.767099],
            [27.804785, 60.767084],
            [27.804801, 60.767068],
            [27.80482, 60.767053],
            [27.80484, 60.767038],
            [27.80486, 60.767025],
            [27.804884, 60.767011],
            [27.80491, 60.766999],
            [27.804938, 60.766987],
            [27.804967, 60.766976],
            [27.805027, 60.766955],
            [27.805035, 60.766953],
            [27.805097, 60.766934],
            [27.805129, 60.766925],
            [27.805161, 60.766916],
            [27.805195, 60.766909],
            [27.805229, 60.766902],
            [27.805237, 60.766901],
            [27.805272, 60.766895],
            [27.805308, 60.766891],
            [27.805344, 60.766887],
            [27.805452, 60.766878],
            [27.805488, 60.766876],
            [27.805706, 60.766862],
            [27.805741, 60.76686],
            [27.805923, 60.766848],
            [27.805937, 60.766847],
            [27.806045, 60.766837],
            [27.806116, 60.766829],
            [27.80613, 60.766827],
            [27.8062, 60.766816],
            [27.806269, 60.766803],
            [27.806302, 60.766796],
            [27.806323, 60.766792],
            [27.806356, 60.766785],
            [27.806389, 60.766777],
            [27.806421, 60.766768],
            [27.806452, 60.766758],
            [27.80648, 60.766747],
            [27.806497, 60.766739],
            [27.806522, 60.766726],
            [27.806544, 60.766712],
            [27.806563, 60.766697],
            [27.80658, 60.766681],
            [27.806594, 60.766664],
            [27.806607, 60.766647],
            [27.80661, 60.766641],
            [27.80662, 60.766624],
            [27.806628, 60.766606],
            [27.806635, 60.766589],
            [27.806639, 60.766571],
            [27.806642, 60.766553],
            [27.806644, 60.766535],
            [27.806644, 60.766529],
            [27.806643, 60.766511],
            [27.806638, 60.766476],
            [27.806624, 60.766422],
            [27.806589, 60.766316],
            [27.806587, 60.766306],
            [27.80658, 60.766271],
            [27.806578, 60.766253],
            [27.806578, 60.76625],
            [27.806578, 60.766232],
            [27.80658, 60.766214],
            [27.806586, 60.766197],
            [27.806587, 60.766194],
            [27.806599, 60.766177],
            [27.806615, 60.766161],
            [27.806636, 60.766146],
            [27.806661, 60.766133],
            [27.806684, 60.766125],
            [27.806717, 60.766117],
            [27.806753, 60.766112],
            [27.806789, 60.76611],
            [27.806826, 60.766109],
            [27.806863, 60.766109],
            [27.806868, 60.766109],
            [27.807015, 60.766109],
            [27.807055, 60.76611],
            [27.807128, 60.766113],
            [27.80731, 60.766127],
            [27.807562, 60.766149],
            [27.807583, 60.766151],
            [27.808058, 60.766171],
            [27.808092, 60.766172],
            [27.808568, 60.766204],
            [27.808677, 60.76621],
            [27.808706, 60.766211],
            [27.808742, 60.766211],
            [27.808779, 60.766211],
            [27.808816, 60.76621],
            [27.808844, 60.766208],
            [27.80888, 60.766204],
            [27.808916, 60.7662],
            [27.808951, 60.766195],
            [27.808982, 60.766189],
            [27.809016, 60.766182],
            [27.80905, 60.766175],
            [27.809082, 60.766167],
            [27.80911, 60.766157],
            [27.809138, 60.766146],
            [27.809164, 60.766133],
            [27.809187, 60.766119],
            [27.809208, 60.766105],
            [27.809216, 60.766098],
            [27.809234, 60.766082],
            [27.809249, 60.766066],
            [27.809263, 60.766049],
            [27.809274, 60.766032],
            [27.809278, 60.766024],
            [27.809286, 60.766007],
            [27.809298, 60.765971],
            [27.809321, 60.765864],
            [27.809326, 60.765847],
            [27.809333, 60.765829],
            [27.809341, 60.765812],
            [27.809351, 60.765794],
            [27.809362, 60.765777],
            [27.809388, 60.765744],
            [27.8094, 60.76573],
            [27.809415, 60.765713],
            [27.809432, 60.765697],
            [27.809449, 60.765682],
            [27.809469, 60.765666],
            [27.809491, 60.765652],
            [27.809512, 60.76564],
            [27.809539, 60.765628],
            [27.809568, 60.765617],
            [27.809599, 60.765608],
            [27.809631, 60.765599],
            [27.809639, 60.765597],
            [27.809673, 60.76559],
            [27.809707, 60.765584],
            [27.809743, 60.765579],
            [27.809779, 60.765576],
            [27.809788, 60.765575],
            [27.809825, 60.765574],
            [27.809861, 60.765575],
            [27.809898, 60.765577],
            [27.809934, 60.76558],
            [27.80997, 60.765583],
            [27.809992, 60.765586],
            [27.810098, 60.765601],
            [27.810168, 60.765612],
            [27.810188, 60.765615],
            [27.810327, 60.765639],
            [27.810338, 60.765641],
            [27.810373, 60.765646],
            [27.810408, 60.765651],
            [27.810444, 60.765655],
            [27.81048, 60.765657],
            [27.810492, 60.765658],
            [27.810529, 60.765658],
            [27.810565, 60.765658],
            [27.810602, 60.765655],
            [27.810638, 60.765652],
            [27.810658, 60.76565],
            [27.810693, 60.765645],
            [27.810727, 60.765639],
            [27.810761, 60.765632],
            [27.810793, 60.765623],
            [27.810811, 60.765618],
            [27.810841, 60.765608],
            [27.810869, 60.765596],
            [27.810923, 60.765572],
            [27.810947, 60.76556],
            [27.811023, 60.765521],
            [27.811046, 60.765507],
            [27.811067, 60.765494],
            [27.811088, 60.765479],
            [27.811107, 60.765464],
            [27.811211, 60.765369],
            [27.811228, 60.765355],
            [27.811247, 60.76534],
            [27.811267, 60.765325],
            [27.811289, 60.76531],
            [27.811311, 60.765296],
            [27.811327, 60.765286],
            [27.811351, 60.765272],
            [27.811376, 60.765259],
            [27.811402, 60.765246],
            [27.811429, 60.765234],
            [27.811449, 60.765226],
            [27.811479, 60.765216],
            [27.811511, 60.765207],
            [27.811543, 60.765198],
            [27.811576, 60.76519],
            [27.81161, 60.765183],
            [27.811633, 60.765179],
            [27.811668, 60.765173],
            [27.811703, 60.765168],
            [27.811739, 60.765163],
            [27.811775, 60.76516],
            [27.811811, 60.765158],
            [27.811836, 60.765157],
            [27.811873, 60.765157],
            [27.81191, 60.765158],
            [27.811946, 60.76516],
            [27.811982, 60.765162],
            [27.812015, 60.765165],
            [27.812087, 60.765172],
            [27.812123, 60.765177],
            [27.812158, 60.765182],
            [27.812189, 60.765187],
            [27.812223, 60.765194],
            [27.812257, 60.765202],
            [27.812289, 60.76521],
            [27.81232, 60.765219],
            [27.812345, 60.765227],
            [27.812375, 60.765237],
            [27.812404, 60.765248],
            [27.812432, 60.76526],
            [27.812459, 60.765272],
            [27.812479, 60.765282],
            [27.812502, 60.765296],
            [27.812567, 60.76534],
            [27.81259, 60.765354],
            [27.812614, 60.765367],
            [27.812641, 60.765379],
            [27.812661, 60.765387],
            [27.812693, 60.765396],
            [27.812727, 60.765403],
            [27.812762, 60.765407],
            [27.812782, 60.765409],
            [27.812819, 60.76541],
            [27.812855, 60.765408],
            [27.812891, 60.765405],
            [27.812911, 60.765402],
            [27.812945, 60.765396],
            [27.812978, 60.765388],
            [27.81301, 60.765379],
            [27.81304, 60.765371],
            [27.813134, 60.765343],
            [27.813161, 60.765334],
            [27.813191, 60.765323],
            [27.813219, 60.765311],
            [27.813245, 60.765299],
            [27.813253, 60.765295],
            [27.813277, 60.765281],
            [27.813298, 60.765266],
            [27.813317, 60.765251],
            [27.813322, 60.765246],
            [27.813338, 60.765229],
            [27.813367, 60.765196],
            [27.813419, 60.765129],
            [27.813433, 60.765113],
            [27.813443, 60.765103],
            [27.81346, 60.765087],
            [27.813499, 60.765057],
            [27.813512, 60.765047],
            [27.813533, 60.765032],
            [27.813555, 60.765018],
            [27.813579, 60.765005],
            [27.813597, 60.764997],
            [27.813627, 60.764987],
            [27.81366, 60.764979],
            [27.813695, 60.764974],
            [27.813731, 60.76497],
            [27.813768, 60.764968],
            [27.813804, 60.764967],
            [27.813841, 60.764967],
            [27.813877, 60.764968],
            [27.813911, 60.76497],
            [27.813947, 60.764972],
            [27.813984, 60.764976],
            [27.814055, 60.764983],
            [27.814091, 60.764988],
            [27.814097, 60.764989],
            [27.814271, 60.765016],
            [27.814301, 60.765021],
            [27.814439, 60.765045],
            [27.814473, 60.765052],
            [27.8145, 60.765058],
            [27.814533, 60.765066],
            [27.814566, 60.765075],
            [27.814597, 60.765084],
            [27.814628, 60.765094],
            [27.814658, 60.765104],
            [27.81469, 60.765116],
            [27.814718, 60.765127],
            [27.814746, 60.765139],
            [27.814772, 60.765151],
            [27.814798, 60.765164],
            [27.814821, 60.765178],
            [27.814845, 60.765194],
            [27.814866, 60.765209],
            [27.814884, 60.765224],
            [27.814901, 60.76524],
            [27.814947, 60.765291],
            [27.815, 60.765358],
            [27.815024, 60.765394],
            [27.815071, 60.765482],
            [27.815086, 60.765517],
            [27.815091, 60.765535],
            [27.815093, 60.765553],
            [27.81509, 60.765573],
            [27.815082, 60.765591],
            [27.815068, 60.765607],
            [27.81505, 60.765623],
            [27.815029, 60.765636],
            [27.815002, 60.765647],
            [27.814971, 60.765657],
            [27.814938, 60.765665],
            [27.814904, 60.765673],
            [27.814888, 60.765676],
            [27.814757, 60.765709],
            [27.814742, 60.765713],
            [27.814549, 60.765765],
            [27.814537, 60.765768],
            [27.814441, 60.765794],
            [27.814409, 60.765804],
            [27.814379, 60.765814],
            [27.814351, 60.765825],
            [27.814339, 60.76583],
            [27.814313, 60.765842],
            [27.814289, 60.765856],
            [27.814267, 60.76587],
            [27.814248, 60.765885],
            [27.814238, 60.765895],
            [27.814223, 60.765911],
            [27.814211, 60.765928],
            [27.814203, 60.765946],
            [27.814199, 60.765963],
            [27.814199, 60.765974],
            [27.814201, 60.765992],
            [27.814207, 60.76601],
            [27.814216, 60.766027],
            [27.814222, 60.766037],
            [27.814233, 60.766054],
            [27.814245, 60.766071],
            [27.81426, 60.766088],
            [27.814269, 60.766097],
            [27.814287, 60.766113],
            [27.814307, 60.766128],
            [27.814328, 60.766142],
            [27.814348, 60.766155],
            [27.814417, 60.766197],
            [27.814436, 60.76621],
            [27.814455, 60.766225],
            [27.814472, 60.766241],
            [27.814488, 60.766258],
            [27.8145, 60.766275],
            [27.814509, 60.766292],
            [27.814515, 60.766311],
            [27.814515, 60.766329],
            [27.814512, 60.766347],
            [27.814506, 60.766365],
            [27.814499, 60.766382],
            [27.814494, 60.766393],
            [27.814459, 60.766463],
            [27.814453, 60.766474],
            [27.814419, 60.766525],
            [27.814413, 60.766534],
            [27.814402, 60.766551],
            [27.814393, 60.766568],
            [27.814389, 60.766586],
            [27.814391, 60.766596],
            [27.814401, 60.766613],
            [27.814419, 60.766629],
            [27.814446, 60.766642],
            [27.814477, 60.766651],
            [27.814512, 60.766656],
            [27.814548, 60.766659],
            [27.814584, 60.766661],
            [27.814621, 60.766663],
            [27.814694, 60.766665],
            [27.814768, 60.766665],
            [27.814841, 60.766662],
            [27.814914, 60.766658],
            [27.815167, 60.766637],
            [27.815183, 60.766636],
            [27.815914, 60.766585],
            [27.815987, 60.76658],
            [27.816024, 60.766578],
            [27.81606, 60.766578],
            [27.816097, 60.766579],
            [27.816129, 60.766582],
            [27.816164, 60.766587],
            [27.816197, 60.766595],
            [27.816228, 60.766604],
            [27.816256, 60.766615],
            [27.816272, 60.766623],
            [27.816295, 60.766638],
            [27.816314, 60.766653],
            [27.816329, 60.766669],
            [27.81634, 60.766686],
            [27.816346, 60.766697],
            [27.816352, 60.766714],
            [27.816356, 60.766732],
            [27.816358, 60.76675],
            [27.816361, 60.766858],
            [27.816363, 60.766876],
            [27.816368, 60.766894],
            [27.816376, 60.766912],
            [27.816386, 60.766929],
            [27.816399, 60.766946],
            [27.816413, 60.766963],
            [27.816428, 60.766979],
            [27.816442, 60.766993],
            [27.816459, 60.767009],
            [27.816478, 60.767024],
            [27.816497, 60.76704],
            [27.816518, 60.767054],
            [27.81654, 60.767069],
            [27.81656, 60.76708],
            [27.816586, 60.767093],
            [27.816612, 60.767106],
            [27.816667, 60.767129],
            [27.816681, 60.767135],
            [27.81674, 60.767157],
            [27.81677, 60.767167],
            [27.816801, 60.767177],
            [27.816816, 60.767181],
            [27.816848, 60.76719],
            [27.816881, 60.767198],
            [27.816914, 60.767205],
            [27.816949, 60.767211],
            [27.816972, 60.767215],
            [27.817007, 60.76722],
            [27.817044, 60.767223],
            [27.81708, 60.767225],
            [27.817116, 60.767226],
            [27.817142, 60.767225],
            [27.817178, 60.767223],
            [27.817214, 60.767218],
            [27.817248, 60.767213],
            [27.817283, 60.767206],
            [27.817311, 60.767201],
            [27.817444, 60.767171],
            [27.817471, 60.767164],
            [27.81757, 60.767142],
            [27.817601, 60.767135],
            [27.817635, 60.767129],
            [27.81767, 60.767123],
            [27.817705, 60.767118],
            [27.817738, 60.767115],
            [27.817775, 60.767113],
            [27.817812, 60.767112],
            [27.817848, 60.767113],
            [27.817885, 60.767114],
            [27.817896, 60.767115],
            [27.818041, 60.767125],
            [27.818052, 60.767126],
            [27.818233, 60.767141],
            [27.818259, 60.767143],
            [27.818439, 60.767163],
            [27.818467, 60.767166],
            [27.818608, 60.767185],
            [27.818678, 60.767197],
            [27.818746, 60.76721],
            [27.818779, 60.767217],
            [27.818791, 60.76722],
            [27.818824, 60.767228],
            [27.818888, 60.767246],
            [27.8189, 60.767249],
            [27.818994, 60.767278],
            [27.819006, 60.767281],
            [27.819039, 60.767289],
            [27.819073, 60.767296],
            [27.819108, 60.7673],
            [27.819122, 60.767301],
            [27.819159, 60.767302],
            [27.819196, 60.767301],
            [27.819231, 60.767297],
            [27.819267, 60.767292],
            [27.819302, 60.767287],
            [27.819317, 60.767284],
            [27.819385, 60.76727],
            [27.819418, 60.767263],
            [27.819451, 60.767254],
            [27.819481, 60.767244],
            [27.819494, 60.76724],
            [27.819522, 60.767229],
            [27.819548, 60.767216],
            [27.819597, 60.767189],
            [27.819609, 60.767182],
            [27.819655, 60.767154],
            [27.819678, 60.76714],
            [27.819698, 60.767125],
            [27.819708, 60.767117],
            [27.819726, 60.767102],
            [27.819741, 60.767085],
            [27.819754, 60.767069],
            [27.819757, 60.767065],
            [27.819776, 60.76703],
            [27.819787, 60.767013],
            [27.81979, 60.767009],
            [27.819806, 60.766993],
            [27.819825, 60.766977],
            [27.819847, 60.766963],
            [27.819873, 60.766951],
            [27.819889, 60.766945],
            [27.81992, 60.766936],
            [27.819954, 60.766929],
            [27.81999, 60.766924],
            [27.820062, 60.766917],
            [27.820083, 60.766915],
            [27.820192, 60.766907],
            [27.820228, 60.766905],
            [27.820265, 60.766905],
            [27.820286, 60.766906],
            [27.820322, 60.766908],
            [27.820358, 60.766912],
            [27.820392, 60.766918],
            [27.820499, 60.766939],
            [27.820706, 60.766981],
            [27.820876, 60.767015],
            [27.820882, 60.767016],
            [27.820985, 60.767035],
            [27.82102, 60.767041],
            [27.821055, 60.767046],
            [27.821062, 60.767046],
            [27.821098, 60.76705],
            [27.821134, 60.767053],
            [27.821206, 60.767058],
            [27.821231, 60.767059],
            [27.821304, 60.767061],
            [27.821341, 60.767061],
            [27.821377, 60.767061],
            [27.821401, 60.76706],
            [27.821438, 60.767057],
            [27.821474, 60.767054],
            [27.821509, 60.76705],
            [27.821544, 60.767044],
            [27.821559, 60.767042],
            [27.821593, 60.767035],
            [27.821627, 60.767027],
            [27.821659, 60.767019],
            [27.82169, 60.767009],
            [27.821703, 60.767005],
            [27.821733, 60.766995],
            [27.821761, 60.766983],
            [27.821788, 60.766971],
            [27.82181, 60.766957],
            [27.821823, 60.766942],
            [27.821832, 60.766925],
            [27.821833, 60.766907],
            [27.821829, 60.766889],
            [27.821827, 60.766881],
            [27.821818, 60.766863],
            [27.821805, 60.766847],
            [27.82179, 60.76683],
            [27.821782, 60.766824],
            [27.821762, 60.766809],
            [27.821739, 60.766795],
            [27.821619, 60.766727],
            [27.821597, 60.766713],
            [27.821577, 60.766698],
            [27.82157, 60.766691],
            [27.821554, 60.766675],
            [27.821543, 60.766658],
            [27.821535, 60.766641],
            [27.821531, 60.766623],
            [27.82153, 60.766619],
            [27.821532, 60.766601],
            [27.821537, 60.766584],
            [27.821547, 60.766566],
            [27.821562, 60.76655],
            [27.821566, 60.766547],
            [27.821586, 60.766532],
            [27.821611, 60.766519],
            [27.821639, 60.766507],
            [27.821667, 60.766495],
            [27.821683, 60.766489],
            [27.821743, 60.766468],
            [27.821773, 60.766458],
            [27.821805, 60.766449],
            [27.821822, 60.766444],
            [27.821855, 60.766437],
            [27.821889, 60.76643],
            [27.821924, 60.766424],
            [27.821959, 60.766419],
            [27.821995, 60.766415],
            [27.822031, 60.766411],
            [27.822067, 60.766408],
            [27.822103, 60.766405],
            [27.82214, 60.766404],
            [27.822177, 60.766404],
            [27.822213, 60.766405],
            [27.822222, 60.766405],
            [27.822258, 60.766408],
            [27.822294, 60.766412],
            [27.822329, 60.766418],
            [27.822339, 60.76642],
            [27.822372, 60.766427],
            [27.822404, 60.766436],
            [27.822435, 60.766446],
            [27.822463, 60.766457],
            [27.822489, 60.76647],
            [27.822512, 60.766484],
            [27.822521, 60.76649],
            [27.822539, 60.766506],
            [27.822554, 60.766522],
            [27.822581, 60.766559],
            [27.822642, 60.766643],
            [27.822653, 60.76666],
            [27.822658, 60.766666],
            [27.822669, 60.766683],
            [27.822681, 60.7667],
            [27.822689, 60.76671],
            [27.822702, 60.766726],
            [27.822716, 60.766743],
            [27.822719, 60.766746],
            [27.822736, 60.766761],
            [27.822749, 60.766774],
            [27.822794, 60.766824],
            [27.82281, 60.76684],
            [27.822827, 60.766856],
            [27.82284, 60.766867],
            [27.822859, 60.766882],
            [27.82288, 60.766897],
            [27.822899, 60.76691],
            [27.82292, 60.766925],
            [27.822941, 60.766939],
            [27.822964, 60.766954],
            [27.822974, 60.76696],
            [27.822999, 60.766973],
            [27.823025, 60.766986],
            [27.823052, 60.766998],
            [27.823064, 60.767002],
            [27.823091, 60.767014],
            [27.82312, 60.767025],
            [27.823138, 60.767031],
            [27.823171, 60.767038],
            [27.823205, 60.767045],
            [27.823241, 60.767052],
            [27.823345, 60.76707],
            [27.82338, 60.767075],
            [27.823418, 60.767079],
            [27.823455, 60.767082],
            [27.823491, 60.767084],
            [27.823521, 60.767086],
            [27.823558, 60.767088],
            [27.823594, 60.767091],
            [27.823631, 60.767092],
            [27.823639, 60.767092],
            [27.823676, 60.767092],
            [27.823712, 60.767092],
            [27.823742, 60.767092],
            [27.823779, 60.767092],
            [27.823815, 60.767093],
            [27.823852, 60.767092],
            [27.823889, 60.767091],
            [27.823925, 60.767087],
            [27.82396, 60.767082],
            [27.82403, 60.767071],
            [27.82405, 60.767068],
            [27.824086, 60.767064],
            [27.824122, 60.767061],
            [27.824158, 60.767057],
            [27.824182, 60.767053],
            [27.824215, 60.767045],
            [27.824247, 60.767036],
            [27.824277, 60.767026],
            [27.824284, 60.767024],
            [27.824344, 60.767003],
            [27.824374, 60.766992],
            [27.824386, 60.766987],
            [27.824414, 60.766975],
            [27.82444, 60.766963],
            [27.824464, 60.766949],
            [27.824473, 60.766943],
            [27.824494, 60.766929],
            [27.824514, 60.766913],
            [27.824531, 60.7669],
            [27.824611, 60.76684],
            [27.824618, 60.766835],
            [27.824671, 60.766787],
            [27.824675, 60.766784],
            [27.824715, 60.766754],
            [27.824733, 60.76674],
            [27.824753, 60.766725],
            [27.824773, 60.76671],
            [27.824795, 60.766696],
            [27.82482, 60.766682],
            [27.824846, 60.76667],
            [27.824876, 60.766659],
            [27.824907, 60.76665],
            [27.824922, 60.766646],
            [27.824954, 60.766638],
            [27.824988, 60.766631],
            [27.825057, 60.766618],
            [27.825068, 60.766616],
            [27.825171, 60.766597],
            [27.825205, 60.766591],
            [27.825229, 60.766586],
            [27.825298, 60.766575],
            [27.825334, 60.76657],
            [27.82537, 60.766567],
            [27.825405, 60.766564],
            [27.825441, 60.766562],
            [27.825478, 60.766562],
            [27.825507, 60.766563],
            [27.825543, 60.766567],
            [27.825578, 60.766572],
            [27.825647, 60.766585],
            [27.825685, 60.766591],
            [27.82572, 60.766595],
            [27.825757, 60.766597],
            [27.825793, 60.766598],
            [27.825817, 60.766597],
            [27.825853, 60.766594],
            [27.825889, 60.76659],
            [27.825958, 60.766578],
            [27.825978, 60.766575],
            [27.826082, 60.766556],
            [27.826116, 60.76655],
            [27.826139, 60.766545],
            [27.826239, 60.766522],
            [27.826272, 60.766514],
            [27.8263, 60.766508],
            [27.826334, 60.766501],
            [27.826368, 60.766495],
            [27.826404, 60.76649],
            [27.82644, 60.766486],
            [27.826461, 60.766485],
            [27.826498, 60.766485],
            [27.826534, 60.766486],
            [27.826571, 60.766489],
            [27.826594, 60.766492],
            [27.826735, 60.76651],
            [27.826756, 60.766512],
            [27.826864, 60.766523],
            [27.8269, 60.766527],
            [27.826935, 60.766531],
            [27.826948, 60.766533],
            [27.826982, 60.766538],
            [27.827051, 60.766551],
            [27.827066, 60.766553],
            [27.8271, 60.76656],
            [27.827133, 60.766568],
            [27.827154, 60.766574],
            [27.827182, 60.766586],
            [27.827207, 60.766599],
            [27.827214, 60.766603],
            [27.827267, 60.766628],
            [27.827288, 60.766638],
            [27.82731, 60.766653],
            [27.827318, 60.76666],
            [27.827346, 60.766693],
            [27.827349, 60.766696],
            [27.827368, 60.766711],
            [27.827392, 60.766724],
            [27.827408, 60.766731],
            [27.827439, 60.766741],
            [27.827471, 60.766749],
            [27.827482, 60.766752],
            [27.827614, 60.766784],
            [27.82763, 60.766787],
            [27.827664, 60.766794],
            [27.827698, 60.766801],
            [27.827733, 60.766807],
            [27.827768, 60.766812],
            [27.827793, 60.766815],
            [27.827829, 60.766819],
            [27.827865, 60.766821],
            [27.827902, 60.766822],
            [27.827911, 60.766821],
            [27.827947, 60.766819],
            [27.827983, 60.766816],
            [27.827998, 60.766814],
            [27.828145, 60.766798],
            [27.828181, 60.766795],
            [27.828217, 60.766792],
            [27.828253, 60.766788],
            [27.828292, 60.766783],
            [27.828361, 60.766771],
            [27.828396, 60.766766],
            [27.828431, 60.766761],
            [27.828438, 60.766761],
            [27.828475, 60.766759],
            [27.828512, 60.76676],
            [27.828526, 60.76676],
            [27.828563, 60.766761],
            [27.828599, 60.766764],
            [27.828615, 60.766767],
            [27.828647, 60.766776],
            [27.828674, 60.766787],
            [27.8287, 60.7668],
            [27.828704, 60.766802],
            [27.828756, 60.766828],
            [27.828778, 60.766838],
            [27.828807, 60.766849],
            [27.828836, 60.76686],
            [27.828868, 60.766873],
            [27.828892, 60.766886],
            [27.828942, 60.766916],
            [27.828966, 60.766929],
            [27.828991, 60.766943],
            [27.829017, 60.766959],
            [27.829036, 60.766974],
            [27.829072, 60.767005],
            [27.829077, 60.767008],
            [27.829098, 60.767023],
            [27.829166, 60.767065],
            [27.829229, 60.76711],
            [27.829251, 60.767124],
            [27.829271, 60.767137],
            [27.829296, 60.76715],
            [27.829323, 60.767162],
            [27.829346, 60.767172],
            [27.829402, 60.767195],
            [27.829432, 60.767206],
            [27.829462, 60.767216],
            [27.829479, 60.767222],
            [27.829511, 60.767231],
            [27.829544, 60.767239],
            [27.829577, 60.767247],
            [27.829611, 60.767254],
            [27.829627, 60.767257],
            [27.829662, 60.767263],
            [27.829697, 60.767268],
            [27.829732, 60.767273],
            [27.829768, 60.767277],
            [27.829775, 60.767277],
            [27.829811, 60.767281],
            [27.829847, 60.767283],
            [27.829884, 60.767284],
            [27.829907, 60.767284],
            [27.82998, 60.767281],
            [27.830017, 60.76728],
            [27.830054, 60.76728],
            [27.83009, 60.767282],
            [27.830098, 60.767283],
            [27.830133, 60.767288],
            [27.830202, 60.767304],
            [27.830236, 60.76731],
            [27.830271, 60.767316],
            [27.830306, 60.767322],
            [27.83032, 60.767324],
            [27.830354, 60.767332],
            [27.830387, 60.767339],
            [27.830419, 60.767348],
            [27.830438, 60.767352],
            [27.830504, 60.767368],
            [27.830537, 60.767376],
            [27.830557, 60.767381],
            [27.830655, 60.767404],
            [27.830673, 60.767409],
            [27.830776, 60.76743],
            [27.830809, 60.767437],
            [27.830834, 60.767444],
            [27.830867, 60.767451],
            [27.830896, 60.767457],
            [27.830918, 60.767462],
            [27.83102, 60.767482],
            [27.831048, 60.767489],
            [27.831082, 60.767496],
            [27.831116, 60.767503],
            [27.831133, 60.767506],
            [27.831203, 60.767516],
            [27.831238, 60.767522],
            [27.83126, 60.767526],
            [27.831362, 60.767545],
            [27.831373, 60.767547],
            [27.831408, 60.767553],
            [27.831513, 60.767569],
            [27.83153, 60.767571],
            [27.831635, 60.767586],
            [27.831671, 60.767591],
            [27.831688, 60.767593],
            [27.831723, 60.767597],
            [27.831831, 60.767608],
            [27.831859, 60.76761],
            [27.831932, 60.767615],
            [27.831969, 60.767617],
            [27.831979, 60.767617],
            [27.832016, 60.767618],
            [27.832126, 60.767619],
            [27.832146, 60.767619],
            [27.832256, 60.767621],
            [27.832293, 60.767621],
            [27.832403, 60.767621],
            [27.832476, 60.76762],
            [27.8325, 60.76762],
            [27.83261, 60.767616],
            [27.832637, 60.767615],
            [27.832674, 60.767614],
            [27.83271, 60.767612],
            [27.832746, 60.767609],
            [27.832758, 60.767607],
            [27.832793, 60.767602],
            [27.832861, 60.767589],
            [27.832896, 60.767583],
            [27.832903, 60.767582],
            [27.83301, 60.76757],
            [27.833046, 60.767566],
            [27.83307, 60.767562],
            [27.833105, 60.767556],
            [27.833205, 60.767534],
            [27.833224, 60.76753],
            [27.833291, 60.767516],
            [27.833324, 60.767508],
            [27.833355, 60.767499],
            [27.833369, 60.767494],
            [27.833398, 60.767483],
            [27.833425, 60.767471],
            [27.833434, 60.767466],
            [27.833463, 60.767455],
            [27.833487, 60.767441],
            [27.833497, 60.767427],
            [27.833506, 60.76742],
            [27.833526, 60.767405],
            [27.833537, 60.767387],
            [27.83354, 60.767369],
            [27.833554, 60.767333],
            [27.833558, 60.767315],
            [27.833559, 60.767297],
            [27.833557, 60.767279],
            [27.833553, 60.767261],
            [27.83355, 60.767249],
            [27.833539, 60.767214],
            [27.833535, 60.767196],
            [27.833532, 60.767178],
            [27.833531, 60.76716],
            [27.833532, 60.767144],
            [27.833537, 60.767127],
            [27.833544, 60.767109],
            [27.833553, 60.767092],
            [27.833564, 60.767075],
            [27.833569, 60.767068],
            [27.833583, 60.767052],
            [27.8336, 60.767036],
            [27.833618, 60.76702],
            [27.833639, 60.767005],
            [27.833647, 60.767],
            [27.83367, 60.766986],
            [27.833695, 60.766973],
            [27.833723, 60.766961],
            [27.833754, 60.766952],
            [27.833782, 60.766945],
            [27.833817, 60.76694],
            [27.833854, 60.766937],
            [27.83389, 60.766936],
            [27.833927, 60.766935],
            [27.834, 60.766935],
            [27.834023, 60.766935],
            [27.83417, 60.766936],
            [27.834207, 60.766937],
            [27.83428, 60.76694],
            [27.834297, 60.766941],
            [27.834333, 60.766944],
            [27.834369, 60.766948],
            [27.83444, 60.766956],
            [27.834476, 60.766961],
            [27.834511, 60.766966],
            [27.834549, 60.766972],
            [27.834755, 60.76701],
            [27.834772, 60.767013],
            [27.834807, 60.767019],
            [27.834841, 60.767024],
            [27.834876, 60.76703],
            [27.834912, 60.767034],
            [27.834929, 60.767036],
            [27.835038, 60.767046],
            [27.835074, 60.767049],
            [27.835087, 60.767051],
            [27.835159, 60.767058],
            [27.835195, 60.767061],
            [27.835231, 60.767063],
            [27.835268, 60.767064],
            [27.835274, 60.767064],
            [27.835311, 60.767063],
            [27.835347, 60.76706],
            [27.835383, 60.767056],
            [27.835418, 60.767052],
            [27.835453, 60.767046],
            [27.835488, 60.767041],
            [27.835521, 60.767035],
            [27.835659, 60.767009],
            [27.835693, 60.767003],
            [27.835698, 60.767002],
            [27.835905, 60.766965],
            [27.835928, 60.766961],
            [27.836031, 60.766942],
            [27.836066, 60.766936],
            [27.836089, 60.766933],
            [27.836124, 60.766927],
            [27.836159, 60.766922],
            [27.836194, 60.766918],
            [27.83623, 60.766914],
            [27.836239, 60.766913],
            [27.836276, 60.766911],
            [27.836312, 60.76691],
            [27.836349, 60.76691],
            [27.836386, 60.766912],
            [27.836404, 60.766914],
            [27.83644, 60.766919],
            [27.83651, 60.766929],
            [27.836545, 60.766934],
            [27.836581, 60.766938],
            [27.836617, 60.76694],
            [27.836654, 60.76694],
            [27.836691, 60.76694],
            [27.8367, 60.76694],
            [27.83681, 60.766941],
            [27.836846, 60.76694],
            [27.836882, 60.766938],
            [27.836917, 60.766934],
            [27.836953, 60.766929],
            [27.836987, 60.766923],
            [27.837021, 60.766916],
            [27.837053, 60.766909],
            [27.837087, 60.766902],
            [27.837119, 60.766893],
            [27.837152, 60.766885],
            [27.837183, 60.766876],
            [27.837311, 60.766838],
            [27.837346, 60.766828],
            [27.837379, 60.76682],
            [27.837413, 60.766813],
            [27.837448, 60.766808],
            [27.837477, 60.766806],
            [27.837514, 60.766804],
            [27.83755, 60.766804],
            [27.837587, 60.766806],
            [27.837695, 60.766815],
            [27.837732, 60.766818],
            [27.837806, 60.766824],
            [27.837916, 60.766829],
            [27.837953, 60.766831],
            [27.837969, 60.766832],
            [27.838298, 60.766842],
            [27.838335, 60.766843],
            [27.83835, 60.766843],
            [27.838424, 60.766845],
            [27.83846, 60.766845],
            [27.838497, 60.766845],
            [27.838534, 60.766844],
            [27.83857, 60.766842],
            [27.838588, 60.76684],
            [27.838624, 60.766837],
            [27.838803, 60.766818],
            [27.838839, 60.766814],
            [27.838875, 60.766811],
            [27.838894, 60.76681],
            [27.83893, 60.766809],
            [27.83915, 60.766803],
            [27.839187, 60.766802],
            [27.83921, 60.766801],
            [27.839247, 60.766798],
            [27.839283, 60.766796],
            [27.839319, 60.766793],
            [27.839355, 60.766789],
            [27.839391, 60.766785],
            [27.839496, 60.76677],
            [27.839636, 60.766747],
            [27.83967, 60.766741],
            [27.839946, 60.766691],
            [27.839966, 60.766688],
            [27.840242, 60.766639],
            [27.840261, 60.766635],
            [27.840497, 60.766586],
            [27.840531, 60.766578],
            [27.840551, 60.766574],
            [27.84082, 60.766516],
            [27.841018, 60.766468],
            [27.84105, 60.76646],
            [27.841146, 60.766433],
            [27.841181, 60.766423],
            [27.841243, 60.766403],
            [27.841306, 60.76638],
            [27.841335, 60.766369],
            [27.841363, 60.766357],
            [27.841418, 60.766334],
            [27.84143, 60.766328],
            [27.841683, 60.766198],
            [27.841709, 60.766186],
            [27.841737, 60.766174],
            [27.841743, 60.766171],
            [27.841772, 60.76616],
            [27.841802, 60.76615],
            [27.841834, 60.766141],
            [27.841843, 60.766139],
            [27.841877, 60.766132],
            [27.841912, 60.766127],
            [27.841948, 60.766123],
            [27.841972, 60.76612],
            [27.84208, 60.766108],
            [27.842104, 60.766105],
            [27.842211, 60.766093],
            [27.842358, 60.766077],
            [27.842391, 60.766073],
            [27.842426, 60.766068],
            [27.842461, 60.766062],
            [27.842493, 60.766057],
            [27.842527, 60.766052],
            [27.842563, 60.766047],
            [27.842571, 60.766046],
            [27.842608, 60.766044],
            [27.842644, 60.766043],
            [27.842681, 60.766044],
            [27.842718, 60.766045],
            [27.842754, 60.766046],
            [27.842786, 60.766047],
            [27.842968, 60.766057],
            [27.843005, 60.766059],
            [27.843036, 60.766061],
            [27.843109, 60.766066],
            [27.843145, 60.766069],
            [27.843181, 60.766072],
            [27.843215, 60.766076],
            [27.843322, 60.766089],
            [27.843358, 60.766092],
            [27.843367, 60.766093],
            [27.843403, 60.766096],
            [27.843439, 60.766097],
            [27.843476, 60.766099],
            [27.843484, 60.766099],
            [27.843557, 60.766103],
            [27.843594, 60.766105],
            [27.843668, 60.766111],
            [27.843704, 60.766112],
            [27.843741, 60.766112],
            [27.843779, 60.766108],
            [27.843814, 60.766104],
            [27.843839, 60.766101],
            [27.84391, 60.766093],
            [27.843946, 60.766089],
            [27.844093, 60.766074],
            [27.844104, 60.766072],
            [27.84414, 60.766068],
            [27.844175, 60.766064],
            [27.84421, 60.766058],
            [27.844246, 60.766052],
            [27.844279, 60.766044],
            [27.844312, 60.766036],
            [27.844343, 60.766029],
            [27.844376, 60.76602],
            [27.84441, 60.766013],
            [27.844444, 60.766007],
            [27.844476, 60.766002],
            [27.844511, 60.765997],
            [27.844546, 60.765992],
            [27.844557, 60.76599],
            [27.844592, 60.765984],
            [27.844659, 60.765969],
            [27.844693, 60.765962],
            [27.844721, 60.765956],
            [27.844927, 60.765917],
            [27.844956, 60.765912],
            [27.845025, 60.7659],
            [27.84506, 60.765894],
            [27.845096, 60.76589],
            [27.845132, 60.765887],
            [27.845161, 60.765886],
            [27.845198, 60.765885],
            [27.845234, 60.765886],
            [27.845271, 60.765887],
            [27.845307, 60.765889],
            [27.845315, 60.76589],
            [27.845352, 60.765892],
            [27.845424, 60.765897],
            [27.84546, 60.765901],
            [27.845495, 60.765905],
            [27.845502, 60.765906],
            [27.845607, 60.765923],
            [27.845642, 60.765929],
            [27.845649, 60.76593],
            [27.845684, 60.765935],
            [27.84572, 60.765939],
            [27.845756, 60.765943],
            [27.845792, 60.765946],
            [27.845814, 60.765946],
            [27.845851, 60.765947],
            [27.845887, 60.765946],
            [27.845924, 60.765944],
            [27.84596, 60.765942],
            [27.845996, 60.765938],
            [27.846032, 60.765935],
            [27.846068, 60.765931],
            [27.846088, 60.765928],
            [27.846159, 60.765919],
            [27.846194, 60.765914],
            [27.846334, 60.765893],
            [27.846364, 60.765888],
            [27.846467, 60.765869],
            [27.846636, 60.765834],
            [27.846669, 60.765827],
            [27.847097, 60.765724],
            [27.847106, 60.765722],
            [27.847536, 60.76562],
            [27.84756, 60.765615],
            [27.847659, 60.765591],
            [27.847691, 60.765583],
            [27.847723, 60.765574],
            [27.847754, 60.765564],
            [27.847784, 60.765554],
            [27.8478, 60.765548],
            [27.847886, 60.765514],
            [27.847915, 60.765503],
            [27.847932, 60.765497],
            [27.848026, 60.765469],
            [27.848057, 60.76546],
            [27.848088, 60.76545],
            [27.848119, 60.76544],
            [27.848148, 60.765429],
            [27.848163, 60.765423],
            [27.84819, 60.765411],
            [27.848216, 60.765398],
            [27.84824, 60.765385],
            [27.848308, 60.765342],
            [27.848315, 60.765337],
            [27.848468, 60.765236],
            [27.84849, 60.765222],
            [27.84856, 60.76518],
            [27.848584, 60.765167],
            [27.848602, 60.765156],
            [27.848652, 60.76513],
            [27.848732, 60.765093],
            [27.848752, 60.765084],
            [27.84878, 60.765072],
            [27.848866, 60.765038],
            [27.848895, 60.765028],
            [27.848914, 60.765021],
            [27.848944, 60.76501],
            [27.848974, 60.765],
            [27.849005, 60.764991],
            [27.849037, 60.764982],
            [27.84907, 60.764975],
            [27.849082, 60.764972],
            [27.849116, 60.764966],
            [27.849151, 60.764961],
            [27.849187, 60.764958],
            [27.849224, 60.764955],
            [27.849231, 60.764955],
            [27.849268, 60.764954],
            [27.849378, 60.764954],
            [27.849415, 60.764954],
            [27.84944, 60.764954],
            [27.849477, 60.764954],
            [27.849512, 60.764958],
            [27.849528, 60.764962],
            [27.849552, 60.764976],
            [27.849566, 60.764992],
            [27.849579, 60.765009],
            [27.849589, 60.765027],
            [27.849593, 60.765033],
            [27.849614, 60.765067],
            [27.849623, 60.765085],
            [27.849631, 60.765102],
            [27.849634, 60.765109],
            [27.849639, 60.765127],
            [27.849643, 60.765145],
            [27.849644, 60.765163],
            [27.849645, 60.765217],
            [27.849644, 60.765235],
            [27.849644, 60.765242],
            [27.84964, 60.765296],
            [27.849637, 60.765314],
            [27.849633, 60.765332],
            [27.849627, 60.765349],
            [27.84962, 60.765367],
            [27.849616, 60.765373],
            [27.849607, 60.76539],
            [27.849596, 60.765407],
            [27.849583, 60.765424],
            [27.84957, 60.765441],
            [27.849556, 60.765458],
            [27.849551, 60.765463],
            [27.849473, 60.765545],
            [27.849468, 60.765549],
            [27.849418, 60.765597],
            [27.849401, 60.765613],
            [27.849309, 60.76569],
            [27.84929, 60.765706],
            [27.849287, 60.765708],
            [27.849248, 60.765739],
            [27.84923, 60.765755],
            [27.849213, 60.76577],
            [27.849198, 60.765787],
            [27.849187, 60.765804],
            [27.849182, 60.765815],
            [27.849176, 60.765833],
            [27.849174, 60.765851],
            [27.849174, 60.765869],
            [27.849177, 60.765887],
            [27.849183, 60.765905],
            [27.849192, 60.765922],
            [27.849204, 60.765939],
            [27.849217, 60.765953],
            [27.849236, 60.765968],
            [27.849258, 60.765983],
            [27.849283, 60.765996],
            [27.849295, 60.766001],
            [27.849324, 60.766011],
            [27.849356, 60.76602],
            [27.849389, 60.766028],
            [27.849403, 60.766031],
            [27.849438, 60.766037],
            [27.849473, 60.766041],
            [27.84951, 60.766043],
            [27.849547, 60.766041],
            [27.849583, 60.766037],
            [27.849617, 60.766032],
            [27.849719, 60.766011],
            [27.849733, 60.766008],
            [27.849768, 60.766002],
            [27.849802, 60.765995],
            [27.849836, 60.765988],
            [27.849868, 60.76598],
            [27.849884, 60.765975],
            [27.849913, 60.765964],
            [27.84994, 60.765952],
            [27.849965, 60.765939],
            [27.849988, 60.765925],
            [27.850009, 60.76591],
            [27.850085, 60.765849],
            [27.8501, 60.765837],
            [27.85018, 60.765777],
            [27.8502, 60.765762],
            [27.850205, 60.765758],
            [27.850368, 60.765639],
            [27.850388, 60.765624],
            [27.850513, 60.765535],
            [27.850536, 60.765521],
            [27.850581, 60.765492],
            [27.850605, 60.765479],
            [27.850616, 60.765472],
            [27.85064, 60.765459],
            [27.85069, 60.765433],
            [27.850716, 60.76542],
            [27.850902, 60.765333],
            [27.850929, 60.765321],
            [27.850946, 60.765313],
            [27.850973, 60.765301],
            [27.851, 60.765289],
            [27.851025, 60.765276],
            [27.85105, 60.765262],
            [27.851065, 60.765253],
            [27.851087, 60.765239],
            [27.851107, 60.765224],
            [27.851124, 60.765208],
            [27.851137, 60.765191],
            [27.851144, 60.765178],
            [27.851149, 60.76516],
            [27.851152, 60.765142],
            [27.851151, 60.765124],
            [27.851149, 60.765107],
            [27.851147, 60.765094],
            [27.851143, 60.765076],
            [27.851137, 60.765058],
            [27.85113, 60.76504],
            [27.851122, 60.765023],
            [27.851111, 60.765005],
            [27.851099, 60.764988],
            [27.851085, 60.764972],
            [27.851069, 60.764956],
            [27.851052, 60.76494],
            [27.851032, 60.764924],
            [27.851011, 60.764909],
            [27.850989, 60.764895],
            [27.850964, 60.764882],
            [27.850938, 60.764869],
            [27.850913, 60.764859],
            [27.850884, 60.764848],
            [27.850854, 60.764837],
            [27.850823, 60.764828],
            [27.850792, 60.764818],
            [27.850764, 60.76481],
            [27.85067, 60.764781],
            [27.85064, 60.764771],
            [27.850617, 60.764764],
            [27.850587, 60.764753],
            [27.850528, 60.764732],
            [27.850499, 60.764721],
            [27.850478, 60.764712],
            [27.850422, 60.764689],
            [27.850395, 60.764677],
            [27.850368, 60.764664],
            [27.850353, 60.764657],
            [27.850328, 60.764644],
            [27.850255, 60.764603],
            [27.85024, 60.764595],
            [27.850216, 60.764581],
            [27.850193, 60.764567],
            [27.850172, 60.764552],
            [27.850153, 60.764537],
            [27.850137, 60.764522],
            [27.850125, 60.764505],
            [27.850119, 60.764487],
            [27.850121, 60.76447],
            [27.85013, 60.764452],
            [27.850145, 60.764436],
            [27.850166, 60.76442],
            [27.850189, 60.764406],
            [27.850215, 60.764393],
            [27.850243, 60.764381],
            [27.850272, 60.764369],
            [27.850301, 60.764358],
            [27.85033, 60.764348],
            [27.850362, 60.764338],
            [27.850385, 60.764332],
            [27.850419, 60.764325],
            [27.850453, 60.764319],
            [27.850488, 60.764314],
            [27.850524, 60.76431],
            [27.85056, 60.764306],
            [27.850585, 60.764304],
            [27.85073, 60.764295],
            [27.850767, 60.764293],
            [27.850788, 60.764291],
            [27.850897, 60.764284],
            [27.850934, 60.764282],
            [27.85097, 60.76428],
            [27.851007, 60.764279],
            [27.851044, 60.764279],
            [27.85108, 60.76428],
            [27.851117, 60.764282],
            [27.851147, 60.764284],
            [27.851183, 60.764286],
            [27.85122, 60.764288],
            [27.851256, 60.764289],
            [27.851293, 60.764288],
            [27.851328, 60.764283],
            [27.851361, 60.764276],
            [27.851394, 60.764267],
            [27.851425, 60.764258],
            [27.851457, 60.764248],
            [27.851487, 60.764238],
            [27.851516, 60.764227],
            [27.851543, 60.764215],
            [27.851567, 60.764201],
            [27.851585, 60.764185],
            [27.851594, 60.764174],
            [27.851601, 60.764156],
            [27.851603, 60.764138],
            [27.851602, 60.76412],
            [27.8516, 60.764102],
            [27.851597, 60.764084],
            [27.851595, 60.764076],
            [27.851584, 60.764023],
            [27.851579, 60.764005],
            [27.851572, 60.763987],
            [27.851564, 60.76397],
            [27.85156, 60.763961],
            [27.85155, 60.763944],
            [27.851538, 60.763927],
            [27.851524, 60.76391],
            [27.851509, 60.763894],
            [27.851492, 60.763878],
            [27.851473, 60.763862],
            [27.851463, 60.763855],
            [27.851442, 60.76384],
            [27.851332, 60.763768],
            [27.851312, 60.763753],
            [27.851293, 60.763738],
            [27.851275, 60.763722],
            [27.85126, 60.763706],
            [27.851255, 60.763699],
            [27.851244, 60.763681],
            [27.851236, 60.763664],
            [27.85123, 60.763646],
            [27.851226, 60.763628],
            [27.851224, 60.76361],
            [27.851223, 60.763603],
            [27.851223, 60.763585],
            [27.851225, 60.763567],
            [27.851228, 60.763549],
            [27.851232, 60.763531],
            [27.851237, 60.763514],
            [27.851238, 60.76351],
            [27.851245, 60.763493],
            [27.851261, 60.763458],
            [27.851291, 60.763406],
            [27.851397, 60.763253],
            [27.851473, 60.763132],
            [27.85152, 60.763063],
            [27.851546, 60.76303],
            [27.85156, 60.763013],
            [27.851573, 60.762999],
            [27.851648, 60.762917],
            [27.851662, 60.7629],
            [27.851675, 60.762885],
            [27.851702, 60.762852],
            [27.851718, 60.762836],
            [27.851735, 60.76282],
            [27.851754, 60.762805],
            [27.851777, 60.76279],
            [27.851806, 60.762775],
            [27.851859, 60.762751],
            [27.851885, 60.762738],
            [27.851906, 60.762725],
            [27.851951, 60.762697],
            [27.851976, 60.762684],
            [27.852003, 60.762671],
            [27.852024, 60.762664],
            [27.852056, 60.762656],
            [27.85209, 60.762649],
            [27.852125, 60.762643],
            [27.85216, 60.762637],
            [27.852184, 60.762633],
            [27.852253, 60.762622],
            [27.852288, 60.762616],
            [27.852324, 60.762612],
            [27.852339, 60.76261],
            [27.852375, 60.762607],
            [27.852411, 60.762604],
            [27.852447, 60.762602],
            [27.852594, 60.762597],
            [27.852631, 60.762596],
            [27.852704, 60.762593],
            [27.852743, 60.762591],
            [27.852779, 60.762588],
            [27.852815, 60.762585],
            [27.852851, 60.762581],
            [27.852881, 60.762576],
            [27.852916, 60.76257],
            [27.85295, 60.762563],
            [27.852982, 60.762554],
            [27.853011, 60.762544],
            [27.853017, 60.762541],
            [27.853043, 60.762529],
            [27.853066, 60.762515],
            [27.853086, 60.7625],
            [27.853103, 60.762484],
            [27.853114, 60.762471],
            [27.853126, 60.762454],
            [27.853135, 60.762437],
            [27.853142, 60.762419],
            [27.853143, 60.762416],
            [27.853147, 60.762398],
            [27.853148, 60.76238],
            [27.853147, 60.762362],
            [27.853144, 60.762344],
            [27.853139, 60.762326],
            [27.853132, 60.762308],
            [27.853122, 60.762291],
            [27.853113, 60.762277],
            [27.853101, 60.76226],
            [27.853087, 60.762244],
            [27.853072, 60.762227],
            [27.853056, 60.762211],
            [27.852986, 60.762148],
            [27.852983, 60.762146],
            [27.852902, 60.762065],
            [27.852859, 60.762016],
            [27.852845, 60.761999],
            [27.852808, 60.761948],
            [27.852806, 60.761945],
            [27.852785, 60.761911],
            [27.852775, 60.761893],
            [27.852758, 60.761858],
            [27.852756, 60.761855],
            [27.85275, 60.761837],
            [27.852744, 60.76182],
            [27.852739, 60.761802],
            [27.852735, 60.761784],
            [27.852731, 60.761766],
            [27.85273, 60.761755],
            [27.852729, 60.761737],
            [27.852729, 60.761719],
            [27.852729, 60.761701],
            [27.852741, 60.761612],
            [27.852743, 60.761601],
            [27.852762, 60.761512],
            [27.852774, 60.761477],
            [27.85278, 60.761459],
            [27.852788, 60.761441],
            [27.852822, 60.761371],
            [27.852841, 60.761336],
            [27.852844, 60.761331],
            [27.852906, 60.761228],
            [27.852918, 60.761211],
            [27.852922, 60.761205],
            [27.85301, 60.761087],
            [27.853025, 60.761071],
            [27.853035, 60.761058],
            [27.853126, 60.76096],
            [27.853142, 60.760943],
            [27.853159, 60.760927],
            [27.853172, 60.760915],
            [27.853455, 60.760684],
            [27.85347, 60.760671],
            [27.853681, 60.760482],
            [27.853699, 60.760467],
            [27.85371, 60.760456],
            [27.853817, 60.760362],
            [27.853835, 60.760346],
            [27.853868, 60.760314],
            [27.853883, 60.760298],
            [27.853913, 60.760265],
            [27.853919, 60.760257],
            [27.853932, 60.76024],
            [27.853944, 60.760223],
            [27.853954, 60.760206],
            [27.853963, 60.760189],
            [27.853968, 60.760173],
            [27.853972, 60.760155],
            [27.853972, 60.760137],
            [27.85397, 60.760119],
            [27.853964, 60.760102],
            [27.853956, 60.760086],
            [27.853943, 60.760069],
            [27.853926, 60.760053],
            [27.853907, 60.760038],
            [27.853886, 60.760023],
            [27.853864, 60.760009],
            [27.853852, 60.760001],
            [27.853737, 60.759931],
            [27.853725, 60.759924],
            [27.85363, 60.759869],
            [27.853608, 60.759855],
            [27.853586, 60.75984],
            [27.853566, 60.759825],
            [27.853547, 60.75981],
            [27.853536, 60.7598],
            [27.853519, 60.759784],
            [27.853506, 60.759767],
            [27.853501, 60.759759],
            [27.853495, 60.759741],
            [27.853494, 60.759723],
            [27.853494, 60.759715],
            [27.853498, 60.759697],
            [27.853504, 60.759679],
            [27.853513, 60.759662],
            [27.853523, 60.759644],
            [27.853534, 60.759627],
            [27.853546, 60.75961],
            [27.85361, 60.759526],
            [27.853621, 60.759509],
            [27.853628, 60.759498],
            [27.853636, 60.759481],
            [27.853642, 60.759463],
            [27.853648, 60.759445],
            [27.853655, 60.759409],
            [27.853657, 60.759399],
            [27.853663, 60.759345],
            [27.853663, 60.759327],
            [27.853661, 60.75931],
            [27.85366, 60.759299],
            [27.853656, 60.759281],
            [27.853651, 60.759264],
            [27.853644, 60.759246],
            [27.853635, 60.759228],
            [27.853626, 60.759211],
            [27.853617, 60.759194],
            [27.853609, 60.759181],
            [27.853563, 60.759113],
            [27.85355, 60.759097],
            [27.853537, 60.75908],
            [27.853527, 60.759068],
            [27.853376, 60.758885],
            [27.853364, 60.758868],
            [27.853354, 60.758854],
            [27.853322, 60.758802],
            [27.853304, 60.758768],
            [27.853296, 60.75875],
            [27.85329, 60.758738],
            [27.853263, 60.758668],
            [27.853252, 60.758632],
            [27.853249, 60.75862],
            [27.853238, 60.758567],
            [27.853235, 60.758549],
            [27.853222, 60.758405],
            [27.853222, 60.758402],
            [27.853198, 60.758133],
            [27.853198, 60.758129],
            [27.853155, 60.757807],
            [27.853154, 60.757803],
            [27.853153, 60.757731],
            [27.853155, 60.757713],
            [27.85316, 60.757678],
            [27.853164, 60.75766],
            [27.853171, 60.757642],
            [27.85318, 60.757625],
            [27.853191, 60.757607],
            [27.853205, 60.757591],
            [27.85322, 60.757574],
            [27.853236, 60.757558],
            [27.853248, 60.757547],
            [27.85332, 60.757485],
            [27.853332, 60.757474],
            [27.853367, 60.757443],
            [27.853383, 60.757426],
            [27.853392, 60.757416],
            [27.853404, 60.757399],
            [27.853412, 60.757381],
            [27.853416, 60.757363],
            [27.853415, 60.757351],
            [27.853408, 60.757334],
            [27.853396, 60.757317],
            [27.853381, 60.7573],
            [27.853363, 60.757285],
            [27.853346, 60.757269],
            [27.85328, 60.757205],
            [27.853266, 60.757191],
            [27.853249, 60.757176],
            [27.85323, 60.75716],
            [27.853211, 60.757145],
            [27.85319, 60.75713],
            [27.853168, 60.757116],
            [27.853146, 60.757101],
            [27.853122, 60.757088],
            [27.853097, 60.757075],
            [27.853071, 60.757062],
            [27.853057, 60.757056],
            [27.852972, 60.757022],
            [27.852944, 60.75701],
            [27.852918, 60.756997],
            [27.852896, 60.756985],
            [27.852875, 60.75697],
            [27.852857, 60.756954],
            [27.852843, 60.756938],
            [27.852831, 60.756921],
            [27.852826, 60.756913],
            [27.852817, 60.756895],
            [27.852812, 60.756877],
            [27.852812, 60.756859],
            [27.852817, 60.756844],
            [27.852828, 60.756827],
            [27.852846, 60.756811],
            [27.852868, 60.756797],
            [27.852893, 60.756786],
            [27.852925, 60.756777],
            [27.85296, 60.756772],
            [27.852996, 60.756768],
            [27.853032, 60.756766],
            [27.853068, 60.756764],
            [27.853177, 60.75676],
            [27.853214, 60.756759],
            [27.853248, 60.756759],
            [27.853357, 60.75676],
            [27.853467, 60.756763],
            [27.853504, 60.756765],
            [27.853534, 60.756765],
            [27.853681, 60.756767],
            [27.853754, 60.756767],
            [27.853791, 60.756766],
            [27.853827, 60.756765],
            [27.853857, 60.756763],
            [27.853967, 60.756758],
            [27.854003, 60.756757],
            [27.85404, 60.756757],
            [27.854077, 60.756759],
            [27.854112, 60.756763],
            [27.854143, 60.756768],
            [27.854176, 60.756776],
            [27.854207, 60.756786],
            [27.854236, 60.756797],
            [27.85426, 60.756807],
            [27.854287, 60.75682],
            [27.854337, 60.756846],
            [27.854479, 60.756928],
            [27.854504, 60.756941],
            [27.854523, 60.756951],
            [27.854549, 60.756964],
            [27.854576, 60.756976],
            [27.854604, 60.756988],
            [27.854631, 60.757],
            [27.854641, 60.757004],
            [27.854696, 60.757027],
            [27.854724, 60.757039],
            [27.854753, 60.75705],
            [27.854782, 60.757061],
            [27.854813, 60.757071],
            [27.854846, 60.757079],
            [27.85488, 60.757085],
            [27.854895, 60.757088],
            [27.854931, 60.757091],
            [27.854967, 60.757094],
            [27.855004, 60.757094],
            [27.855027, 60.757094],
            [27.855064, 60.757092],
            [27.8551, 60.75709],
            [27.855136, 60.757087],
            [27.855145, 60.757086],
            [27.855216, 60.757078],
            [27.855252, 60.757074],
            [27.855277, 60.757071],
            [27.855347, 60.757061],
            [27.855382, 60.757056],
            [27.855416, 60.75705],
            [27.855423, 60.757048],
            [27.855456, 60.757041],
            [27.855521, 60.757024],
            [27.85554, 60.757019],
            [27.855572, 60.757011],
            [27.855605, 60.757002],
            [27.855637, 60.756994],
            [27.855671, 60.756982],
            [27.855699, 60.75697],
            [27.855724, 60.756957],
            [27.855748, 60.756944],
            [27.855758, 60.756938],
            [27.855774, 60.756922],
            [27.855785, 60.756905],
            [27.855787, 60.756902],
            [27.855798, 60.756885],
            [27.855808, 60.756868],
            [27.855815, 60.756852],
            [27.855819, 60.756834],
            [27.855823, 60.756816],
            [27.855827, 60.756798],
            [27.855828, 60.756794],
            [27.855839, 60.756758],
            [27.855841, 60.756751],
            [27.855844, 60.756733],
            [27.855844, 60.756715],
            [27.855841, 60.756679],
            [27.855839, 60.756661],
            [27.855839, 60.756657],
            [27.855836, 60.756586],
            [27.855836, 60.756568],
            [27.855836, 60.756564],
            [27.855837, 60.756528],
            [27.855836, 60.75651],
            [27.855835, 60.756492],
            [27.855834, 60.756485],
            [27.855818, 60.756413],
            [27.855806, 60.756359],
            [27.855803, 60.756341],
            [27.855801, 60.756327],
            [27.855786, 60.756255],
            [27.855784, 60.756248],
            [27.855773, 60.756212],
            [27.855768, 60.756194],
            [27.855768, 60.75619],
            [27.855765, 60.756172],
            [27.855764, 60.756154],
            [27.855764, 60.756136],
            [27.855765, 60.756119],
            [27.855766, 60.756111],
            [27.855764, 60.756021],
            [27.855763, 60.75601],
            [27.855759, 60.755975],
            [27.855759, 60.755957],
            [27.855761, 60.755939],
            [27.855764, 60.755921],
            [27.85577, 60.755903],
            [27.855774, 60.755888],
            [27.855779, 60.75587],
            [27.855783, 60.755852],
            [27.855788, 60.755817],
            [27.855788, 60.755799],
            [27.855787, 60.755781],
            [27.855786, 60.755766],
            [27.855782, 60.755748],
            [27.855776, 60.75573],
            [27.855769, 60.755713],
            [27.85576, 60.755695],
            [27.855754, 60.755687],
            [27.855741, 60.75567],
            [27.855712, 60.755637],
            [27.855698, 60.755621],
            [27.855693, 60.755615],
            [27.855669, 60.755581],
            [27.855663, 60.755572],
            [27.85565, 60.755556],
            [27.855636, 60.755539],
            [27.855606, 60.755506],
            [27.855572, 60.755474],
            [27.855555, 60.755459],
            [27.855442, 60.755366],
            [27.855423, 60.755351],
            [27.855405, 60.755336],
            [27.855263, 60.755211],
            [27.855072, 60.755017],
            [27.855064, 60.755009],
            [27.854947, 60.754877],
            [27.854942, 60.754871],
            [27.854903, 60.754821],
            [27.854892, 60.754804],
            [27.854859, 60.754752],
            [27.85485, 60.754735],
            [27.854847, 60.754729],
            [27.854831, 60.754694],
            [27.854824, 60.754676],
            [27.854801, 60.754606],
            [27.8548, 60.754602],
            [27.854788, 60.754549],
            [27.854785, 60.754531],
            [27.854783, 60.754513],
            [27.854782, 60.754495],
            [27.854781, 60.754477],
            [27.854781, 60.754474],
            [27.854782, 60.754456],
            [27.854784, 60.754438],
            [27.85479, 60.754402],
            [27.854794, 60.754384],
            [27.854804, 60.754349],
            [27.854808, 60.754338],
            [27.854828, 60.754285],
            [27.854836, 60.754267],
            [27.854845, 60.75425],
            [27.854856, 60.754233],
            [27.854869, 60.754216],
            [27.854877, 60.754205],
            [27.854941, 60.754141],
            [27.854957, 60.754124],
            [27.854963, 60.754117],
            [27.854989, 60.754083],
            [27.854991, 60.754081],
            [27.855008, 60.754065],
            [27.855028, 60.75405],
            [27.855048, 60.754035],
            [27.855063, 60.754023],
            [27.855081, 60.754007],
            [27.855097, 60.753991],
            [27.855111, 60.753974],
            [27.855149, 60.753922],
            [27.855173, 60.753888],
            [27.855186, 60.753871],
            [27.8552, 60.753854],
            [27.855205, 60.753849],
            [27.855239, 60.753818],
            [27.855255, 60.753801],
            [27.855269, 60.753785],
            [27.855277, 60.75377],
            [27.855281, 60.753752],
            [27.855284, 60.753716],
            [27.855287, 60.753698],
            [27.855289, 60.753691],
            [27.855299, 60.753673],
            [27.85531, 60.753656],
            [27.855317, 60.75364],
            [27.855319, 60.753622],
            [27.855317, 60.753604],
            [27.855316, 60.75359],
            [27.855319, 60.753572],
            [27.855325, 60.753554],
            [27.855329, 60.753539],
            [27.855334, 60.753522],
            [27.855339, 60.753504],
            [27.855343, 60.753489],
            [27.855349, 60.753471],
            [27.855355, 60.753453],
            [27.855357, 60.753446],
            [27.855358, 60.753428],
            [27.855355, 60.753392],
            [27.855355, 60.753388],
            [27.855354, 60.753334],
            [27.855353, 60.753331],
            [27.855351, 60.753313],
            [27.855338, 60.753259],
            [27.855337, 60.753252],
            [27.855335, 60.753234],
            [27.855334, 60.753198],
            [27.855334, 60.75318],
            [27.855334, 60.753165],
            [27.855332, 60.753094],
            [27.855332, 60.753086],
            [27.855332, 60.75305],
            [27.855332, 60.753032],
            [27.855331, 60.753022],
            [27.855314, 60.75295],
            [27.855303, 60.752896],
            [27.8553, 60.752878],
            [27.855297, 60.752863],
            [27.855288, 60.752828],
            [27.855282, 60.75281],
            [27.855281, 60.752806],
            [27.855273, 60.752788],
            [27.855264, 60.752771],
            [27.855254, 60.752754],
            [27.85525, 60.752749],
            [27.855221, 60.752716],
            [27.855206, 60.752699],
            [27.855193, 60.752683],
            [27.855189, 60.752677],
            [27.85518, 60.75266],
            [27.855172, 60.752642],
            [27.855161, 60.752607],
            [27.855158, 60.752598],
            [27.855142, 60.752563],
            [27.855133, 60.752546],
            [27.855126, 60.752534],
            [27.855101, 60.752481],
            [27.855095, 60.752469],
            [27.855071, 60.752417],
            [27.855064, 60.752405],
            [27.855003, 60.752319],
            [27.854984, 60.752284],
            [27.854959, 60.752232],
            [27.854957, 60.752226],
            [27.854917, 60.752156],
            [27.85491, 60.752147],
            [27.8549, 60.752129],
            [27.854895, 60.752118],
            [27.854888, 60.7521],
            [27.854883, 60.752083],
            [27.854879, 60.752068],
            [27.854853, 60.751997],
            [27.854848, 60.751979],
            [27.854847, 60.751975],
            [27.854844, 60.751957],
            [27.854844, 60.751903],
            [27.854845, 60.751885],
            [27.854844, 60.751874],
            [27.854842, 60.751838],
            [27.854842, 60.75182],
            [27.854842, 60.751802],
            [27.854846, 60.751784],
            [27.854851, 60.751766],
            [27.854858, 60.751749],
            [27.854866, 60.751731],
            [27.85487, 60.751723],
            [27.854895, 60.75167],
            [27.854897, 60.751665],
            [27.854954, 60.751578],
            [27.854987, 60.751527],
            [27.854996, 60.751513],
            [27.855008, 60.751497],
            [27.855022, 60.75148],
            [27.855039, 60.751463],
            [27.855059, 60.751448],
            [27.85508, 60.751433],
            [27.855104, 60.751419],
            [27.855128, 60.751406],
            [27.855152, 60.751392],
            [27.855169, 60.751383],
            [27.855192, 60.751369],
            [27.855214, 60.751354],
            [27.855235, 60.75134],
            [27.855256, 60.751325],
            [27.855336, 60.751264],
            [27.855342, 60.751259],
            [27.855384, 60.75123],
            [27.855405, 60.751215],
            [27.855415, 60.751209],
            [27.855434, 60.751194],
            [27.855453, 60.751178],
            [27.855471, 60.751163],
            [27.855489, 60.751147],
            [27.855501, 60.751136],
            [27.855533, 60.751104],
            [27.855547, 60.751087],
            [27.855558, 60.751071],
            [27.855566, 60.751054],
            [27.855574, 60.751036],
            [27.855585, 60.750999],
            [27.855599, 60.750964],
            [27.855617, 60.750929],
            [27.855627, 60.750912],
            [27.855662, 60.750861],
            [27.855687, 60.750828],
            [27.855701, 60.750811],
            [27.855712, 60.750797],
            [27.855755, 60.750747],
            [27.855769, 60.750732],
            [27.855802, 60.7507],
            [27.855819, 60.750684],
            [27.855855, 60.750652],
            [27.855952, 60.750576],
            [27.855956, 60.750572],
            [27.855994, 60.750542],
            [27.856013, 60.750526],
            [27.856028, 60.750514],
            [27.856088, 60.750469],
            [27.856109, 60.750455],
            [27.856129, 60.750442],
            [27.856199, 60.7504],
            [27.856222, 60.750386],
            [27.856244, 60.750372],
            [27.856259, 60.750362],
            [27.856278, 60.750347],
            [27.856314, 60.750315],
            [27.856332, 60.7503],
            [27.856345, 60.750289],
            [27.856366, 60.750275],
            [27.85641, 60.750246],
            [27.856433, 60.750232],
            [27.856446, 60.750224],
            [27.85649, 60.750195],
            [27.856512, 60.750181],
            [27.856553, 60.750151],
            [27.856562, 60.750144],
            [27.856618, 60.750098],
            [27.856636, 60.750082],
            [27.856648, 60.750072],
            [27.856734, 60.749992],
            [27.85679, 60.749946],
            [27.856808, 60.74993],
            [27.85682, 60.74992],
            [27.85687, 60.749872],
            [27.856887, 60.749856],
            [27.856906, 60.74984],
            [27.856928, 60.749825],
            [27.856972, 60.749797],
            [27.856993, 60.749782],
            [27.85701, 60.749766],
            [27.857025, 60.749749],
            [27.857052, 60.749716],
            [27.857064, 60.749702],
            [27.857081, 60.749686],
            [27.8571, 60.749671],
            [27.857121, 60.749656],
            [27.857143, 60.749642],
            [27.857151, 60.749637],
            [27.857266, 60.749567],
            [27.857281, 60.749557],
            [27.857343, 60.749513],
            [27.857353, 60.749506],
            [27.857375, 60.749492],
            [27.857398, 60.749478],
            [27.857422, 60.749465],
            [27.85744, 60.749455],
            [27.857518, 60.749418],
            [27.857544, 60.749405],
            [27.85757, 60.74939],
            [27.857592, 60.749375],
            [27.857653, 60.749331],
            [27.857671, 60.749317],
            [27.85776, 60.74926],
            [27.857772, 60.749252],
            [27.857793, 60.749237],
            [27.857813, 60.749222],
            [27.857852, 60.749192],
            [27.857859, 60.749187],
            [27.857897, 60.749156],
            [27.857916, 60.749141],
            [27.857933, 60.749125],
            [27.857948, 60.749108],
            [27.857959, 60.749093],
            [27.857967, 60.749075],
            [27.857973, 60.749057],
            [27.857978, 60.74904],
            [27.857982, 60.749022],
            [27.857986, 60.749006],
            [27.858007, 60.748953],
            [27.858013, 60.748934],
            [27.858017, 60.748916],
            [27.858017, 60.748898],
            [27.858016, 60.74888],
            [27.858014, 60.748862],
            [27.858011, 60.748848],
            [27.858007, 60.74883],
            [27.858001, 60.748812],
            [27.857991, 60.748795],
            [27.85798, 60.748783],
            [27.85796, 60.748768],
            [27.857936, 60.748755],
            [27.85791, 60.748742],
            [27.857891, 60.748733],
            [27.857838, 60.748708],
            [27.85781, 60.748697],
            [27.85778, 60.748686],
            [27.857772, 60.748684],
            [27.857739, 60.748676],
            [27.857705, 60.748669],
            [27.857668, 60.748663],
            [27.857634, 60.748657],
            [27.857599, 60.748652],
            [27.857563, 60.748647],
            [27.857528, 60.748643],
            [27.857521, 60.748642],
            [27.857448, 60.748637],
            [27.857412, 60.748635],
            [27.857376, 60.748631],
            [27.857359, 60.748629],
            [27.857325, 60.748622],
            [27.857292, 60.748614],
            [27.857261, 60.748605],
            [27.857226, 60.748594],
            [27.857196, 60.748583],
            [27.857166, 60.748573],
            [27.857137, 60.748558],
            [27.857114, 60.748544],
            [27.857096, 60.748528],
            [27.857083, 60.748512],
            [27.857076, 60.748501],
            [27.857069, 60.748484],
            [27.857065, 60.748466],
            [27.857061, 60.748448],
            [27.85706, 60.748444],
            [27.857044, 60.748391],
            [27.857044, 60.748386],
            [27.857043, 60.748368],
            [27.857044, 60.748351],
            [27.857049, 60.748333],
            [27.857057, 60.748314],
            [27.857066, 60.748297],
            [27.857077, 60.74828],
            [27.857089, 60.748263],
            [27.857099, 60.748249],
            [27.857137, 60.748199],
            [27.857151, 60.748182],
            [27.857156, 60.748177],
            [27.857204, 60.748129],
            [27.85722, 60.748113],
            [27.857227, 60.748105],
            [27.857241, 60.748088],
            [27.857266, 60.748054],
            [27.857276, 60.748037],
            [27.857284, 60.748026],
            [27.857296, 60.748009],
            [27.85731, 60.747992],
            [27.857325, 60.747975],
            [27.857341, 60.74796],
            [27.85736, 60.747945],
            [27.857447, 60.747887],
            [27.857468, 60.747872],
            [27.857485, 60.747859],
            [27.857502, 60.747843],
            [27.857517, 60.747826],
            [27.857543, 60.747793],
            [27.85755, 60.747783],
            [27.857573, 60.747749],
            [27.857585, 60.747732],
            [27.857595, 60.747716],
            [27.857636, 60.747647],
            [27.857663, 60.747601],
            [27.857721, 60.747497],
            [27.857731, 60.74748],
            [27.857735, 60.747471],
            [27.857781, 60.747384],
            [27.857789, 60.747366],
            [27.857802, 60.747331],
            [27.857807, 60.747316],
            [27.857827, 60.747209],
            [27.857832, 60.747191],
            [27.857837, 60.747173],
            [27.857842, 60.747158],
            [27.857859, 60.747124],
            [27.857887, 60.747072],
            [27.85789, 60.747065],
            [27.857904, 60.74703],
            [27.85791, 60.747012],
            [27.857915, 60.746994],
            [27.857921, 60.746958],
            [27.857923, 60.74694],
            [27.857924, 60.746923],
            [27.857923, 60.746869],
            [27.857899, 60.746708],
            [27.857896, 60.74669],
            [27.857895, 60.746684],
            [27.857874, 60.746379],
            [27.857873, 60.746361],
            [27.857873, 60.746356],
            [27.857877, 60.746033],
            [27.857877, 60.74603],
            [27.857889, 60.745886],
            [27.85789, 60.745878],
            [27.857903, 60.745806],
            [27.857908, 60.745788],
            [27.857913, 60.745771],
            [27.85792, 60.745753],
            [27.857927, 60.745735],
            [27.857931, 60.745727],
            [27.85794, 60.74571],
            [27.857949, 60.745692],
            [27.857983, 60.745641],
            [27.857996, 60.745624],
            [27.858009, 60.745608],
            [27.858066, 60.745542],
            [27.858081, 60.745526],
            [27.858097, 60.74551],
            [27.858112, 60.745495],
            [27.858232, 60.745384],
            [27.858252, 60.745367],
            [27.858347, 60.74529],
            [27.85841, 60.745244],
            [27.858651, 60.745085],
            [27.858673, 60.745071],
            [27.858693, 60.745057],
            [27.858832, 60.744952],
            [27.858836, 60.744948],
            [27.858976, 60.744843],
            [27.859665, 60.744323],
            [27.859593, 60.744254],
            [27.859356, 60.744022],
            [27.859222, 60.74389],
            [27.859357, 60.743701],
            [27.859468, 60.743562],
            [27.859604, 60.743414],
            [27.85983, 60.742967],
            [27.85991, 60.742808],
            [27.859922, 60.742496],
            [27.859942, 60.742001],
            [27.859957, 60.741591],
            [27.859915, 60.741324],
            [27.859529, 60.741151],
            [27.859298, 60.741046],
            [27.859662, 60.740627],
            [27.860309, 60.739885],
            [27.862389, 60.737489],
            [27.866068, 60.733847],
            [27.867138, 60.732403],
            [27.868752, 60.730146],
            [27.871701, 60.726017],
            [27.873075, 60.72406],
            [27.874315, 60.722292],
            [27.874966, 60.721368],
            [27.876298, 60.71945],
            [27.877511, 60.717734],
            [27.877673, 60.717499],
            [27.878656, 60.716103],
            [27.878701, 60.716024],
            [27.880572, 60.713362],
            [27.881505, 60.712693],
            [27.881692, 60.712594],
            [27.885258, 60.709979],
            [27.885348, 60.70992],
            [27.885749, 60.709623],
            [27.88581, 60.709601],
            [27.88586, 60.709582],
            [27.88917, 60.70837],
            [27.893316, 60.70473],
            [27.895231, 60.702372],
            [27.895349, 60.702226],
            [27.897717, 60.700181],
            [27.901244, 60.696985],
            [27.901926, 60.696379],
            [27.902335, 60.696285],
            [27.914143, 60.693571],
            [27.930713, 60.689759],
            [27.93361, 60.689265],
            [27.934073, 60.689185],
            [27.938903, 60.688369],
            [27.941531, 60.687915],
            [27.944366, 60.687424],
            [27.946623, 60.687027],
            [27.946658, 60.687021],
            [27.947298, 60.686912],
            [27.947682, 60.686846],
            [27.948557, 60.686696],
            [27.94996, 60.686456],
            [27.952423, 60.686032],
            [27.952725, 60.685978],
            [27.95253, 60.685729],
            [27.952786, 60.685465],
            [27.952546, 60.684958],
            [27.953068, 60.684276],
            [27.952433, 60.683989],
            [27.952461, 60.683481],
            [27.952875, 60.683259],
            [27.953096, 60.682765],
            [27.954254, 60.682724],
            [27.954619, 60.682749],
            [27.955456, 60.681043],
            [27.956032, 60.679804],
            [27.955779, 60.679492],
            [27.956342, 60.679147],
            [27.956697, 60.678351],
            [27.95714, 60.67736],
            [27.956874, 60.676982],
            [27.956383, 60.676282],
            [27.954523, 60.673635],
            [27.95376, 60.672548],
            [27.952744, 60.671096],
            [27.951468, 60.66715],
            [27.957678, 60.666954],
            [27.957853, 60.666944],
            [27.958052, 60.666938],
            [27.962925, 60.666781],
            [27.966919, 60.666652],
            [27.972291, 60.667148],
            [27.973383, 60.667258],
            [27.975812, 60.667493],
            [27.976954, 60.667645],
            [27.977799, 60.667732],
            [27.978117, 60.667747],
            [27.978512, 60.667785],
            [27.97898, 60.66783],
            [27.986887, 60.668599],
            [27.987572, 60.66868],
            [27.989035, 60.668858],
            [27.99048, 60.669035],
            [27.991156, 60.668988],
            [27.99128, 60.668979],
            [27.992741, 60.669778],
            [27.995363, 60.671211],
            [27.998081, 60.670406],
            [28.001114, 60.672058],
            [28.00182, 60.672443],
            [28.005014, 60.674184],
            [28.0084, 60.67603],
            [28.017832, 60.681174],
            [28.016064, 60.68201],
            [28.015163, 60.682436],
            [28.015738, 60.682721],
            [28.016446, 60.68308],
            [28.020906, 60.685341],
            [28.025134, 60.687484],
            [28.030971, 60.690443],
            [28.031992, 60.69096],
            [28.038038, 60.694023],
            [28.042014, 60.696088],
            [28.042065, 60.696114],
            [28.045215, 60.69775],
            [28.045285, 60.697786],
            [28.050414, 60.700449],
            [28.056103, 60.703402],
            [28.056246, 60.703476],
            [28.060291, 60.705575],
            [28.062962, 60.706961],
            [28.067099, 60.709142],
            [28.06741, 60.709306],
            [28.069209, 60.710254],
            [28.071215, 60.711312],
            [28.072999, 60.712252],
            [28.074554, 60.713072],
            [28.076228, 60.713954],
            [28.077761, 60.714761],
            [28.078535, 60.715169],
            [28.079222, 60.715525],
            [28.080459, 60.716166],
            [28.083437, 60.717709],
            [28.084578, 60.7183],
            [28.085984, 60.719028],
            [28.086905, 60.719506],
            [28.088033, 60.72009],
            [28.088992, 60.720586],
            [28.089513, 60.720814],
            [28.090463, 60.721229],
            [28.091739, 60.721786],
            [28.092887, 60.722287],
            [28.094353, 60.722927],
            [28.094759, 60.723105],
            [28.097374, 60.724246],
            [28.098597, 60.72478],
            [28.099941, 60.725367],
            [28.102549, 60.726505],
            [28.103063, 60.72673],
            [28.105153, 60.727642],
            [28.110062, 60.729784],
            [28.111001, 60.730194],
            [28.111014, 60.730199],
            [28.113331, 60.73121],
            [28.120364, 60.734278],
            [28.129993, 60.738477],
            [28.131986, 60.739346],
            [28.132645, 60.739633],
            [28.133691, 60.740089],
            [28.135253, 60.740769],
            [28.135464, 60.740862],
            [28.136678, 60.742044],
            [28.136889, 60.74225],
            [28.137158, 60.742511],
            [28.137966, 60.743298],
            [28.143823, 60.748999],
            [28.146662, 60.751762],
            [28.148382, 60.753437],
            [28.150022, 60.755032],
            [28.150605, 60.755599],
            [28.153583, 60.758496],
            [28.154845, 60.759723],
            [28.15531, 60.760176],
            [28.155506, 60.760367],
            [28.15816, 60.762947],
            [28.161799, 60.766485],
            [28.162491, 60.767157],
            [28.163193, 60.76784],
            [28.165493, 60.770076],
            [28.166588, 60.77114],
            [28.167291, 60.771822],
            [28.168485, 60.772983],
            [28.169253, 60.773729],
            [28.170676, 60.775111],
            [28.170822, 60.775253],
            [28.171447, 60.775861],
            [28.173631, 60.777982],
            [28.173644, 60.777994],
            [28.174197, 60.778532],
            [28.17428, 60.778613],
            [28.177782, 60.778929],
            [28.1822, 60.779329],
            [28.185256, 60.779605],
            [28.188171, 60.779869],
            [28.191704, 60.780188],
            [28.201148, 60.781041],
            [28.201377, 60.781062],
            [28.206967, 60.781566],
            [28.207469, 60.781612],
            [28.21095, 60.781926],
            [28.211114, 60.781941],
            [28.216375, 60.782415],
            [28.21863, 60.782618],
            [28.220499, 60.782787],
            [28.224389, 60.785781],
            [28.225008, 60.786258],
            [28.226529, 60.787428],
            [28.22763, 60.788276],
            [28.228199, 60.788714],
            [28.230058, 60.790142],
            [28.230661, 60.790606],
            [28.231382, 60.79116],
            [28.233144, 60.792514],
            [28.235462, 60.794294],
            [28.235618, 60.794414],
            [28.236081, 60.79477],
            [28.237641, 60.795968],
            [28.240569, 60.798217],
            [28.243659, 60.80059],
            [28.245798, 60.802231],
            [28.2483, 60.804152],
            [28.249243, 60.804876],
            [28.249951, 60.805419],
            [28.25063, 60.805942],
            [28.253289, 60.807989],
            [28.254292, 60.808758],
            [28.255843, 60.809946],
            [28.255869, 60.809961],
            [28.255979, 60.810023],
            [28.256182, 60.810136],
            [28.258725, 60.811556],
            [28.258811, 60.811604],
            [28.260857, 60.812746],
            [28.261187, 60.81293],
            [28.264319, 60.814678],
            [28.268109, 60.816793],
            [28.268455, 60.816986],
            [28.269836, 60.817757],
            [28.273104, 60.81958],
            [28.276406, 60.821422],
            [28.276545, 60.8215],
            [28.277586, 60.82208],
            [28.277572, 60.822083],
            [28.278819, 60.822824],
            [28.278879, 60.82286],
            [28.278963, 60.822903],
            [28.280296, 60.823657],
            [28.281923, 60.82451],
            [28.283598, 60.82545],
            [28.288193, 60.828029],
            [28.29045, 60.829258],
            [28.29354, 60.830967],
            [28.293798, 60.831113],
            [28.296981, 60.832908],
            [28.305329, 60.837587],
            [28.307659, 60.838888],
            [28.309051, 60.839662],
            [28.311921, 60.841256],
            [28.313133, 60.842903],
            [28.313926, 60.843977],
            [28.316045, 60.846841],
            [28.318029, 60.849492],
            [28.318077, 60.849555],
            [28.319262, 60.851122],
            [28.319316, 60.851196],
            [28.31987, 60.851943],
            [28.319969, 60.852078],
            [28.320864, 60.853289],
            [28.322386, 60.855346],
            [28.323817, 60.857204],
            [28.324042, 60.857498],
            [28.324302, 60.85785],
            [28.324712, 60.85773],
            [28.324865, 60.85768],
            [28.324876, 60.857676],
            [28.324965, 60.857644],
            [28.325022, 60.857622],
            [28.325035, 60.857616],
            [28.325089, 60.857591],
            [28.325164, 60.857552],
            [28.325176, 60.857546],
            [28.325562, 60.857329],
            [28.325573, 60.857322],
            [28.32586, 60.857158],
            [28.325877, 60.857148],
            [28.326123, 60.856991],
            [28.326228, 60.856918],
            [28.326239, 60.85691],
            [28.326382, 60.856803],
            [28.326516, 60.856693],
            [28.32673, 60.856505],
            [28.326749, 60.856489],
            [28.326767, 60.856475],
            [28.326808, 60.856445],
            [28.326829, 60.85643],
            [28.326851, 60.856416],
            [28.326859, 60.856411],
            [28.326883, 60.856398],
            [28.326907, 60.856384],
            [28.326933, 60.856372],
            [28.32696, 60.856359],
            [28.326969, 60.856355],
            [28.327024, 60.856332],
            [28.327234, 60.856256],
            [28.327476, 60.856175],
            [28.32757, 60.856147],
            [28.327599, 60.856139],
            [28.327664, 60.856122],
            [28.327697, 60.856114],
            [28.327709, 60.856112],
            [28.327743, 60.856105],
            [28.327777, 60.856098],
            [28.327812, 60.856093],
            [28.327824, 60.856091],
            [28.32786, 60.856086],
            [28.327896, 60.856083],
            [28.328005, 60.856075],
            [28.328013, 60.856074],
            [28.328123, 60.856069],
            [28.328196, 60.856068],
            [28.328204, 60.856068],
            [28.328278, 60.856069],
            [28.328351, 60.856071],
            [28.328378, 60.856073],
            [28.328524, 60.85608],
            [28.328551, 60.856082],
            [28.328623, 60.856088],
            [28.328695, 60.856097],
            [28.32872, 60.8561],
            [28.32879, 60.856111],
            [28.328859, 60.856123],
            [28.328884, 60.856128],
            [28.32905, 60.856167],
            [28.32925, 60.856216],
            [28.329521, 60.856272],
            [28.329556, 60.856279],
            [28.32966, 60.856297],
            [28.329695, 60.856303],
            [28.32973, 60.856308],
            [28.329766, 60.856312],
            [28.329785, 60.856314],
            [28.329821, 60.856316],
            [28.329858, 60.856318],
            [28.329899, 60.856319],
            [28.329935, 60.856318],
            [28.329972, 60.856316],
            [28.330012, 60.856313],
            [28.330157, 60.8563],
            [28.330335, 60.856277],
            [28.33037, 60.856272],
            [28.330377, 60.856271],
            [28.330447, 60.85626],
            [28.330481, 60.856253],
            [28.330493, 60.856251],
            [28.330526, 60.856243],
            [28.330557, 60.856233],
            [28.330588, 60.856223],
            [28.330598, 60.85622],
            [28.330627, 60.856209],
            [28.330656, 60.856197],
            [28.330683, 60.856185],
            [28.330812, 60.856121],
            [28.33083, 60.856111],
            [28.331256, 60.855888],
            [28.331266, 60.855883],
            [28.33145, 60.855795],
            [28.331459, 60.85579],
            [28.331622, 60.855717],
            [28.33165, 60.855705],
            [28.33166, 60.855701],
            [28.331805, 60.855646],
            [28.331812, 60.855643],
            [28.331932, 60.855602],
            [28.331962, 60.855592],
            [28.33197, 60.855589],
            [28.332064, 60.855561],
            [28.332097, 60.855553],
            [28.332117, 60.855547],
            [28.33225, 60.855516],
            [28.332272, 60.855511],
            [28.332715, 60.855423],
            [28.33272, 60.855422],
            [28.333171, 60.855344],
            [28.33319, 60.855341],
            [28.333572, 60.855276],
            [28.333643, 60.855262],
            [28.334012, 60.855181],
            [28.334027, 60.855178],
            [28.33436, 60.855101],
            [28.334389, 60.855094],
            [28.334519, 60.85506],
            [28.334533, 60.855056],
            [28.334597, 60.855038],
            [28.334628, 60.855028],
            [28.334658, 60.855018],
            [28.334672, 60.855014],
            [28.334701, 60.855003],
            [28.334729, 60.854991],
            [28.334757, 60.854979],
            [28.334769, 60.854974],
            [28.334795, 60.854962],
            [28.334821, 60.854949],
            [28.334845, 60.854935],
            [28.334855, 60.854929],
            [28.334877, 60.854915],
            [28.334898, 60.8549],
            [28.334954, 60.854852],
            [28.335039, 60.854771],
            [28.335224, 60.854575],
            [28.335421, 60.854363],
            [28.335434, 60.854349],
            [28.335606, 60.85415],
            [28.336058, 60.854392],
            [28.336233, 60.854485],
            [28.337626, 60.855229],
            [28.337895, 60.855373],
            [28.337949, 60.855402],
            [28.351485, 60.862634],
            [28.354196, 60.864078],
            [28.358893, 60.866585],
            [28.360839, 60.867623],
            [28.364934, 60.869812],
            [28.365038, 60.86987],
            [28.371649, 60.873399],
            [28.374881, 60.875187],
            [28.376425, 60.876041],
            [28.377721, 60.876737],
            [28.378244, 60.877017],
            [28.379282, 60.877564],
            [28.380037, 60.877962],
            [28.383656, 60.879875],
            [28.38758, 60.881949],
            [28.39279, 60.884705],
            [28.393643, 60.884385],
            [28.393724, 60.884305],
            [28.393737, 60.884292],
            [28.393772, 60.884261],
            [28.393784, 60.884251],
            [28.393804, 60.884236],
            [28.393825, 60.884222],
            [28.39384, 60.884213],
            [28.393867, 60.884201],
            [28.393897, 60.884189],
            [28.393928, 60.884179],
            [28.393962, 60.884171],
            [28.393997, 60.884166],
            [28.394033, 60.884162],
            [28.394069, 60.884159],
            [28.394083, 60.884157],
            [28.394193, 60.88415],
            [28.394207, 60.884149],
            [28.394389, 60.884135],
            [28.394461, 60.884128],
            [28.394477, 60.884126],
            [28.394512, 60.884121],
            [28.394582, 60.88411],
            [28.394604, 60.884106],
            [28.394705, 60.884085],
            [28.394726, 60.884081],
            [28.394928, 60.884036],
            [28.394961, 60.884028],
            [28.394967, 60.884027],
            [28.395031, 60.884009],
            [28.395062, 60.884],
            [28.395092, 60.883989],
            [28.395107, 60.883984],
            [28.39525, 60.883928],
            [28.395268, 60.883921],
            [28.395299, 60.883911],
            [28.395331, 60.883902],
            [28.395363, 60.883893],
            [28.395381, 60.883888],
            [28.395481, 60.883865],
            [28.395499, 60.883861],
            [28.39581, 60.883804],
            [28.395825, 60.883802],
            [28.396068, 60.883759],
            [28.396079, 60.883757],
            [28.396253, 60.883728],
            [28.396327, 60.883718],
            [28.396399, 60.88371],
            [28.396507, 60.883701],
            [28.396541, 60.883699],
            [28.396796, 60.883681],
            [28.396824, 60.883679],
            [28.39686, 60.883675],
            [28.396896, 60.883671],
            [28.396922, 60.883667],
            [28.396957, 60.883661],
            [28.39699, 60.883653],
            [28.397015, 60.883647],
            [28.397046, 60.883638],
            [28.397077, 60.883628],
            [28.397106, 60.883617],
            [28.397191, 60.883582],
            [28.397204, 60.883577],
            [28.39732, 60.883528],
            [28.397406, 60.883495],
            [28.397424, 60.883488],
            [28.397472, 60.883525],
            [28.398967, 60.884697],
            [28.400239, 60.885694],
            [28.398359, 60.887133],
            [28.397941, 60.887445],
            [28.399435, 60.888332],
            [28.401546, 60.889448],
            [28.407457, 60.892581],
            [28.415882, 60.897038],
            [28.416136, 60.897172],
            [28.416186, 60.897198],
            [28.419818, 60.89912],
            [28.423046, 60.900828],
            [28.424871, 60.901794],
            [28.429184, 60.904077],
            [28.433739, 60.906486],
            [28.435333, 60.90733],
            [28.437669, 60.908567],
            [28.438054, 60.908772],
            [28.439785, 60.909687],
            [28.442176, 60.910953],
            [28.443611, 60.911711],
            [28.445107, 60.912503],
            [28.448114, 60.914092],
            [28.455768, 60.918138],
            [28.456074, 60.9183],
            [28.457721, 60.919195],
            [28.460395, 60.920648],
            [28.461856, 60.921435],
            [28.462314, 60.921682],
            [28.463824, 60.922495],
            [28.465369, 60.923326],
            [28.466056, 60.923306],
            [28.467232, 60.923266],
            [28.467781, 60.923231],
            [28.467808, 60.923229],
            [28.467881, 60.923222],
            [28.467917, 60.923218],
            [28.467925, 60.923217],
            [28.46796, 60.923211],
            [28.467994, 60.923204],
            [28.468027, 60.923196],
            [28.468034, 60.923194],
            [28.468067, 60.923186],
            [28.468097, 60.923175],
            [28.468109, 60.92317],
            [28.468135, 60.923158],
            [28.468163, 60.923146],
            [28.468177, 60.923143],
            [28.468214, 60.923141],
            [28.46825, 60.923145],
            [28.468258, 60.923145],
            [28.47001, 60.923528],
            [28.470948, 60.923739],
            [28.470962, 60.923742],
            [28.471336, 60.923818],
            [28.471354, 60.923821],
            [28.47194, 60.923928],
            [28.471962, 60.923932],
            [28.472546, 60.924041],
            [28.472767, 60.924047],
            [28.472794, 60.924048],
            [28.472977, 60.924056],
            [28.473014, 60.924059],
            [28.473041, 60.924061],
            [28.47315, 60.924071],
            [28.473257, 60.924083],
            [28.473265, 60.924084],
            [28.473474, 60.924118],
            [28.473481, 60.924119],
            [28.473862, 60.924188],
            [28.473871, 60.92419],
            [28.473994, 60.924208],
            [28.48155, 60.925335],
            [28.484045, 60.925707],
            [28.483956, 60.926297],
            [28.483954, 60.926314],
            [28.483926, 60.926511],
            [28.483907, 60.926582],
            [28.483895, 60.926618],
            [28.483892, 60.926626],
            [28.483885, 60.926644],
            [28.483876, 60.926661],
            [28.483871, 60.926671],
            [28.483859, 60.926688],
            [28.483845, 60.926705],
            [28.483837, 60.926714],
            [28.48382, 60.92673],
            [28.483802, 60.926746],
            [28.48372, 60.926806],
            [28.483711, 60.926812],
            [28.483392, 60.927127],
            [28.483329, 60.927189],
            [28.482645, 60.927863],
            [28.482659, 60.927916],
            [28.482662, 60.927924],
            [28.482669, 60.927942],
            [28.482678, 60.927959],
            [28.482688, 60.927977],
            [28.482694, 60.927985],
            [28.482706, 60.928002],
            [28.482721, 60.928018],
            [28.482769, 60.928066],
            [28.482785, 60.928081],
            [28.48287, 60.928161],
            [28.482885, 60.928175],
            [28.483091, 60.928386],
            [28.483098, 60.928392],
            [28.483619, 60.929006],
            [28.483624, 60.929012],
            [28.483529, 60.929263],
            [28.486139, 60.931028],
            [28.487623, 60.93203],
            [28.489543, 60.933327],
            [28.492233, 60.935144],
            [28.492677, 60.936287],
            [28.492983, 60.937074],
            [28.495319, 60.937235],
            [28.496036, 60.93773],
            [28.497689, 60.938872],
            [28.500325, 60.940628],
            [28.500418, 60.94069],
            [28.501262, 60.941252],
            [28.503837, 60.942968],
            [28.506216, 60.944592],
            [28.511412, 60.948125],
            [28.5151, 60.950635],
            [28.517281, 60.952123],
            [28.517531, 60.952302],
            [28.517636, 60.952386],
            [28.520531, 60.954353],
            [28.522999, 60.95603],
            [28.52415, 60.956798],
            [28.52461, 60.95711],
            [28.527345, 60.955004],
            [28.52747, 60.954908],
            [28.529942, 60.954748],
            [28.531224, 60.955046],
            [28.537355, 60.956472],
            [28.538899, 60.956333],
            [28.541956, 60.956058],
            [28.545325, 60.955266],
            [28.552464, 60.954922],
            [28.558915, 60.953909],
            [28.566754, 60.952652],
            [28.572957, 60.951657],
            [28.579192, 60.952195],
            [28.60156, 60.954173],
            [28.602047, 60.954218],
            [28.604319, 60.954421],
            [28.606984, 60.954658],
            [28.608769, 60.954818],
            [28.611371, 60.95505],
            [28.612786, 60.955176],
            [28.614855, 60.95536],
            [28.615764, 60.955169],
            [28.622858, 60.953678],
            [28.630984, 60.95197],
            [28.632856, 60.951576],
            [28.636596, 60.950789],
            [28.639817, 60.950112],
            [28.639955, 60.950083],
            [28.648735, 60.948235],
            [28.649195, 60.948136],
            [28.650545, 60.948462],
            [28.653313, 60.949131],
            [28.654926, 60.94952],
            [28.657827, 60.951151],
            [28.659047, 60.952467],
            [28.660537, 60.954074],
            [28.662729, 60.956323],
            [28.662752, 60.95635],
            [28.666198, 60.959981],
            [28.669726, 60.963787],
            [28.671292, 60.965476],
            [28.671586, 60.965793],
            [28.672553, 60.966834],
            [28.67459, 60.969027],
            [28.676448, 60.971026],
            [28.676945, 60.971563],
            [28.681459, 60.97642],
            [28.683882, 60.978969],
            [28.686502, 60.983695],
            [28.687019, 60.984624],
            [28.688323, 60.986969],
            [28.688822, 60.987867],
            [28.688964, 60.988088],
            [28.689413, 60.988786],
            [28.690168, 60.990144],
            [28.690976, 60.990583],
            [28.690695, 60.99108],
            [28.691241, 60.991947],
            [28.691319, 60.992069],
            [28.695689, 60.998988],
            [28.699044, 61.005923],
            [28.699285, 61.006418],
            [28.700192, 61.008291],
            [28.70056, 61.009047],
            [28.70115, 61.010263],
            [28.701332, 61.010647],
            [28.701753, 61.011538],
            [28.701743, 61.011539],
            [28.701678, 61.011545],
            [28.701715, 61.011582],
            [28.701824, 61.01159],
            [28.70185, 61.011593],
            [28.702604, 61.012985],
            [28.70343, 61.01451],
            [28.703973, 61.01551],
            [28.704183, 61.015899],
            [28.706058, 61.019358],
            [28.706063, 61.019368],
            [28.70635, 61.019897],
            [28.708113, 61.023151],
            [28.710187, 61.026977],
            [28.71019, 61.026991],
            [28.711572, 61.033552],
            [28.712004, 61.035601],
            [28.712012, 61.035641],
            [28.71269, 61.038857],
            [28.713307, 61.041809],
            [28.713501, 61.042732],
            [28.713847, 61.044456],
            [28.713925, 61.0445],
            [28.715101, 61.045156],
            [28.715158, 61.045187],
            [28.7162, 61.045768],
            [28.71959, 61.047647],
            [28.724692, 61.050475],
            [28.726931, 61.051719],
            [28.73245, 61.054785],
            [28.739225, 61.058548],
            [28.739518, 61.058709],
            [28.740322, 61.059152],
            [28.744283, 61.061332],
            [28.744993, 61.061725],
            [28.751053, 61.06508],
            [28.753023, 61.066171],
            [28.755383, 61.067477],
            [28.758502, 61.069203],
            [28.761131, 61.070658],
            [28.765363, 61.072999],
            [28.767454, 61.074157],
            [28.772463, 61.076931],
            [28.776651, 61.079249]
          ],
          [
            [27.760066, 60.824239],
            [27.760035, 60.824249],
            [27.759755, 60.824334],
            [27.759748, 60.824336],
            [27.759685, 60.824355],
            [27.759425, 60.824422],
            [27.759398, 60.824429],
            [27.759231, 60.824466],
            [27.759203, 60.824472],
            [27.759135, 60.824486],
            [27.759066, 60.824498],
            [27.759031, 60.824503],
            [27.758995, 60.824508],
            [27.75896, 60.824512],
            [27.758851, 60.824522],
            [27.758815, 60.824526],
            [27.75867, 60.824537],
            [27.758315, 60.824278],
            [27.760066, 60.824239]
          ]
        ]
      }
    },
    {
      "type": "Feature",
      "styles": [
        { "color": "#666", "weight": 2, "opacity": 1 },
        { "color": "#333", "weight": 12, "opacity": 0.2 }
      ],
      "properties": { "ID": "A" },
      "geometry": {
        "type": "MultiLineString",
        "coordinates": [
          [
            [28.128064, 61.096254],
            [28.128064, 61.096254],
            [28.130537, 61.099451],
            [28.130587, 61.099507],
            [28.13086, 61.099826],
            [28.130881, 61.099856],
            [28.131895, 61.101033],
            [28.132089, 61.101266],
            [28.132544, 61.101826],
            [28.134467, 61.104188],
            [28.141766, 61.102167],
            [28.143328, 61.101735],
            [28.146402, 61.100901],
            [28.153384, 61.097377],
            [28.155505, 61.096306],
            [28.160056, 61.094009],
            [28.160056, 61.094008],
            [28.191564, 61.074514],
            [28.197609, 61.070792],
            [28.254074, 61.073966],
            [28.267966, 61.083357],
            [28.284616, 61.087655],
            [28.305666, 61.083896],
            [28.314793, 61.086195],
            [28.32045, 61.09268],
            [28.323216, 61.097546],
            [28.330862, 61.095285],
            [28.33352, 61.089709],
            [28.333006, 61.086384],
            [28.335687, 61.083128],
            [28.328616, 61.078968],
            [28.311181, 61.076225],
            [28.327822, 61.063964],
            [28.318373, 61.060892],
            [28.314589, 61.060456],
            [28.301603, 61.057897],
            [28.28338, 61.051131],
            [28.275563, 61.048022],
            [28.269774, 61.045732],
            [28.264449, 61.039987],
            [28.250653, 61.036636],
            [28.240558, 61.036066],
            [28.238741, 61.035312],
            [28.236308, 61.034874],
            [28.2191, 61.029935],
            [28.213758, 61.032769],
            [28.208113, 61.035251],
            [28.189633, 61.038523],
            [28.180066, 61.0397],
            [28.173876, 61.039931],
            [28.170565, 61.037138],
            [28.16794, 61.033081],
            [28.166841, 61.030876],
            [28.168047, 61.026129],
            [28.166382, 61.021021],
            [28.158826, 61.017229],
            [28.145315, 61.026128],
            [28.154377, 61.041275],
            [28.119045, 61.035978],
            [28.111467, 61.035249],
            [28.099105, 61.03464],
            [28.084667, 61.032639],
            [28.069989, 61.029592],
            [28.058364, 61.029736],
            [28.027706, 61.04355],
            [28.048963, 61.05069],
            [28.066464, 61.056126],
            [28.087603, 61.070985],
            [28.104047, 61.070742],
            [28.119977, 61.061136],
            [28.13179, 61.06159],
            [28.147453, 61.06606],
            [28.125512, 61.088437],
            [28.128064, 61.096254]
          ]
        ]
      }
    }
  ]
}
